id,lon,lat,being-away,coherence,scope,fascination,depth_max,depth_min,depth_mean,depth_std,canny_edge,h_mean,h_std,s_mean,s_std,v_mean,v_std,pixel_threshold,pixel_entropy,other,wall,building,sky,floor,tree,road,grass,sidewalk,person,ground,mountain,plant,fence,stone,signboard,sand,runway,bridge,bench, tower,streetlight,pole,land,fountain, tent,animal,bicycle,traffic light,trash can,car,water/river
3,120.2682389,31.49324346,1.83,3.83,2.67,2.67,5.580865,0.6777123,2.3895392,1.1667598,49.823,0.43462,0.22064,0.24917,0.17598,0.53992,0.30631,0.51373,7.81,0.03571701,0.002012253,0.287384034,0.132496834,0.001626968,0.108084679,0.153894425,0.013090134,0.045815468,0.000005722,0.102505684,0.00001,0.06649971,0.000736237,0.000840187,0.000794411,0.000905991,0.00001,0.00001,0.003725052,0.00001,0.00014782,0.001464844,0.00001,0.00001,0.00001,0.00001,0.017516136,0.00001,0.000003815,0.024500847,0.00001
13,120.2706697,31.49392915,3,4,3.33,2.5,6.132592,0.83699334,3.106674,1.2970697,60.593,0.27567,0.23469,0.14871,0.19459,0.71688,0.25571,0.67843,7.2646,0.023672104,0.006402016,0.05418396,0.282458305,0.001097679,0.221823692,0.192672729,0.02542305,0.098070145,0.00001,0.028204918,0.00001,0.023399353,0.002486229,0.00001,0.000187874,0.000004768,0.00001,0.00001,0.00001,0.00001,0.00001,0.00001,0.00001,0.00001,0.00001,0.00001,0.00001,0.00001,0.00001,0.033603668,0.003422737
23,120.2723827,31.49187387,2.67,4.5,4,4,6.033537,0.7537383,3.4697683,1.2334896,74.066,0.32093,0.25639,0.18731,0.252,0.64602,0.29426,0.54118,7.6984,0.013591766,0.007302284,0.075714111,0.197402954,0.00001,0.260988235,0.271965027,0.059955597,0.019580841,0.00001,0.04597187,0.00001,0.00378418,0.000320435,0.00001,0.002076149,0.00001,0.00001,0.00001,0.00001,0.00001,0.000213623,0.000002861,0.00001,0.00001,0.00001,0.00001,0.003875732,0.00001,0.00001,0.036342621,0.000020981
33,120.2693281,31.49262856,3.67,4.17,3.17,2.67,5.922921,0.8043152,2.945493,0.8459901,68.994,0.27894,0.2272,0.1965,0.22507,0.63102,0.28391,0.54118,7.5859,0.039013863,0.005674362,0.315369606,0.073003769,0.00001,0.150042534,0.182141304,0.131400108,0.006340981,0.00001,0.004270554,0.00001,0.035674095,0.010191917,0.00001,0.00001,0.00001,0.00001,0.00001,0.00001,0.00001,0.00034523,0.00001,0.00001,0.00001,0.00001,0.00001,0.000059128,0.00001,0.00001,0.046237946,0.00001
43,120.2590634,31.49210535,4.33,4.33,3.5,4,5.113361,0.7878774,2.5508752,0.6635521,87.34,0.3463,0.25029,0.15254,0.20569,0.60166,0.2983,0.63529,7.4192,0.012800217,0.000267029,0.011948586,0.08883667,0.000006676,0.444561958,0.183584213,0.126536369,0.017578125,0.00001,0.044621468,0.00001,0.015465736,0.00021553,0.00032711,0.000050545,0.001047134,0.00001,0.00001,0.000001907,0.00001,0.00001,0.000294685,0.000185966,0.00001,0.00001,0.00001,0.00001,0.00001,0.00001,0.03410244,0.017338753
53,120.2592654,31.49264802,1.67,2.17,3,1.33,5.3485603,0.8984243,2.1030242,0.8388087,70.869,0.25616,0.18785,0.27268,0.26608,0.52488,0.28427,0.51373,7.783,0.113553047,0.000383377,0.026697159,0.267772675,0.000006676,0.235424995,0.122552871,0.031872749,0.024991989,0.00001,0.08663559,0.00001,0.066623688,0.002375603,0.000305176,0.000328064,0.00011158,0.00001,0.00001,0.00001,0.00001,0.00049305,0.000001907,0.00001,0.00001,0.00001,0.00001,0.00001,0.00001,0.00001,0.01793766,0.000426292
63,120.2609106,31.49228717,3.33,4.5,3.17,3,5.1572556,0.7614162,2.7721343,0.8772299,42.746,0.29717,0.24122,0.19353,0.2064,0.66332,0.28295,0.52549,7.537,0.076053619,0.00019455,0.146578789,0.102593422,0.00001,0.333158493,0.155760765,0.087471962,0.02218914,0.00001,0.010059357,0.00001,0.000434875,0.00001,0.00001,0.000006676,0.00001,0.00001,0.000516891,0.00001,0.00001,0.000332832,0.000398636,0.00001,0.00001,0.00001,0.00001,0.003288269,0.00001,0.00001,0.060390472,0.00001
73,120.2648862,31.49241343,3,2.83,3.67,3.33,5.594434,0.8688951,2.709195,1.150883,64.094,0.37647,0.27234,0.11922,0.20755,0.63981,0.28642,0.68627,7.224,0.052536964,0.009115219,0.037965775,0.249635696,0.000212669,0.245123863,0.221906663,0.078569412,0.00047493,0.00001,0.030362129,0.00001,0.038002014,0.00649929,0.003808022,0.00001,0.00001,0.00001,0.00001,0.00001,0.00001,0.00001,0.00001,0.00001,0.00001,0.00001,0.00001,0.00001,0.00001,0.00001,0.025590897,0.00001
83,120.2659111,31.4924366,1,1.67,2,1,4.9563766,1.3328093,2.9191144,0.80372816,73.041,0.22912,0.20756,0.25871,0.26323,0.5282,0.29938,0.50588,7.7011,0.149413109,0.002586365,0.039261818,0.323083878,0.000199318,0.166144371,0.164237976,0.006261826,0.024150848,0.000663757,0.071881294,0.00001,0.005996704,0.017109871,0.000032425,0.000062943,0.007994652,0.00001,0.000665665,0.00001,0.00001,0.000192642,0.00001,0.00001,0.00001,0.00001,0.00001,0.00001,0.00001,0.000101089,0.009586334,0.00001
93,120.2691782,31.49227511,3.17,4.83,4,3.5,6.1916866,0.87430894,2.8654723,0.9691453,85.257,0.23029,0.17662,0.28889,0.24553,0.53151,0.30039,0.48235,7.8218,0.013391495,0.0042696,0.058127403,0.262661934,0.000088692,0.220486641,0.286948204,0.000432014,0.03891468,0.007723808,0.010373116,0.00001,0.002755165,0.001431465,0.000494957,0.000299454,0.00001,0.00001,0.00001,0.00001,0.00020504,0.00075531,0.000536919,0.00001,0.00001,0.00001,0.00001,0.000062943,0.00001,0.00001,0.09004116,0.00001
99,120.2685109,31.4925786,3,3.17,3.33,2.67,5.7159586,0.75602853,2.9981687,1.1262275,95.056,0.2371,0.17151,0.38785,0.30493,0.53673,0.31107,0.53333,7.6965,0.059975624,0.002316475,0.086479187,0.300602913,0.000023842,0.132717133,0.193846703,0.054116249,0.004589081,0.00001,0.01454258,0.00001,0.01565361,0.000812531,0.000468254,0.000606537,0.00001,0.00001,0.00001,0.000131607,0.000004768,0.000292778,0.000001907,0.00001,0.00001,0.00001,0.00001,0.00001,0.00001,0.00001,0.085832596,0.00001
103,120.2701575,31.49238236,4.5,4.5,3.5,2.83,5.2380247,0.7894797,2.726806,0.8608765,100.192,0.18066,0.11911,0.3709,0.26556,0.49131,0.26487,0.50196,7.8331,0.058302879,0.009027481,0.00437355,0.262652397,0.00001,0.27504158,0.197158813,0.041832924,0.003660202,0.00001,0.073625565,0.000002861,0.005869865,0.00001,0.000006676,0.000039101,0.00001,0.00001,0.00001,0.00001,0.00001,0.000083923,0.00017643,0.000841141,0.00001,0.00001,0.00001,0.00001,0.00001,0.00001,0.052873611,0.001503945
109,120.2704827,31.49259065,5.17,4.33,3.17,3.17,5.6443305,0.78267086,2.5611355,0.82232827,66.381,0.23441,0.18409,0.36804,0.28385,0.43656,0.30505,0.51373,7.6727,0.026028633,0.001800537,0.000403404,0.192458153,0.00001,0.364171982,0.128164291,0.150339127,0.000606537,0.000277519,0.06930542,0.00001,0.026378632,0.005949974,0.00001,0.00001,0.00001,0.00001,0.00001,0.000667572,0.00001,0.00001,0.00001,0.00001,0.00001,0.00001,0.00001,0.00001,0.00001,0.00001,0.03280735,0.00001
113,120.271247,31.49226926,3.83,4.33,2.83,4,9.668971,0.79971504,2.9560354,1.5747347,75.016,0.27079,0.19705,0.29875,0.29263,0.55474,0.30033,0.51373,7.8936,0.030771255,0.001069069,0.125302315,0.063529015,0.006563187,0.356554985,0.217240334,0.020463943,0.022351265,0.00001,0.087380409,0.00001,0.032196045,0.00028038,0.00001,0.000530243,0.002038002,0.00001,0.00001,0.00001,0.00001,0.00001,0.000770569,0.00001,0.00001,0.00001,0.00001,0.00001,0.00001,0.00001,0.032634735,0.00017643
119,120.2604983,31.49144654,4.17,4.33,3.17,3.33,8.002541,0.68046993,2.7231624,1.1629968,67.757,0.23,0.19852,0.23577,0.26805,0.63654,0.28188,0.53725,7.4849,0.014101028,0.00001,0.201085091,0.134523392,0.000999451,0.214100838,0.099930763,0.162449837,0.009638786,0.00001,0.050081253,0.00001,0.013166428,0.000070572,0.00001,0.000054359,0.00001,0.00001,0.00001,0.000004768,0.00001,0.00001,0.000635147,0.00001,0.00001,0.00001,0.00001,0.00001,0.00001,0.000354767,0.098006248,0.000053406
123,120.2616367,31.49131456,5.67,5.33,4.33,4.17,5.341938,0.776946,2.2256312,0.78701204,84.996,0.33805,0.25489,0.18313,0.23213,0.58602,0.29563,0.59216,7.7416,0.037230492,0.002100945,0.057606697,0.21186161,0.00001,0.254048347,0.256383896,0.113583565,0.008068085,0.00001,0.00001,0.00001,0.01428318,0.001689911,0.00001,0.005968094,0.00001,0.00001,0.00001,0.00001,0.00001049,0.000195503,0.00018692,0.00001,0.000008583,0.00001,0.00001,0.00001,0.000054359,0.00001,0.035431862,0.00001
129,120.2640644,31.49163423,4.17,3.5,4.17,4.17,6.573648,0.7533667,3.5971975,1.0815308,79.845,0.26667,0.21758,0.26837,0.26962,0.45237,0.29046,0.43529,7.8191,0.013356209,0.004102707,0.093151093,0.23335743,0.000054359,0.239465714,0.224279404,0.116021156,0.020051003,0.001553535,0.007110596,0.000274658,0.010588646,0.001217842,0.00001,0.000035286,0.00001,0.00001,0.00001,0.000504494,0.000406265,0.000004768,0.00001,0.00001,0.00001,0.00001,0.00001,0.001344681,0.00001,0.00001,0.03262806,0.00001
133,120.2657172,31.49139129,5.67,4.83,3.5,3.67,5.3297257,0.7102195,2.4709046,0.5900568,50.765,0.26035,0.2372,0.18053,0.25778,0.66322,0.30158,0.56471,7.3473,0.089780807,0.000104904,0.00001,0.049777985,0.00015831,0.506615639,0.118011474,0.026097298,0.087150574,0.00001,0.045760155,0.00001,0.022041321,0.000565529,0.000900269,0.00001,0.00001,0.00001,0.00001,0.00001,0.00001,0.00001,0.001587868,0.00001,0.00001,0.00001,0.00001,0.00001,0.00001,0.000414848,0.033364296,0.012493134
139,120.2689421,31.4918777,4,3.67,3.5,2.5,5.548921,0.6785942,3.2124379,1.1795546,84.454,0.24397,0.20799,0.24397,0.26489,0.50751,0.27779,0.4549,7.808,0.008509636,0.00001,0.434124947,0.071918488,0.000247955,0.046543121,0.264920235,0.024008751,0.025342941,0.000107765,0.019803047,0.00001,0.034814835,0.000782013,0.00001,0.00019455,0.00001,0.00001,0.00001,0.00001,0.00001,0.000015259,0.000495911,0.00001,0.00001,0.00001,0.00001,0.000037193,0.00001,0.00001,0.065685272,0.00001
143,120.2693483,31.49155451,3,3.83,3.83,3,6.1264377,0.73368126,3.4772263,0.9372581,75.244,0.20036,0.14861,0.30728,0.27412,0.52916,0.33078,0.53725,7.674,0.009245872,0.001618385,0.230614662,0.129386902,0.00001,0.184414864,0.326891899,0.046478271,0.006814957,0.00001,0.00726223,0.00001,0.01431179,0.000833511,0.00001,0.001862526,0.00001,0.00001,0.00001,0.00001,0.00001,0.000009537,0.000055313,0.00001,0.00001,0.00001,0.00001,0.00001,0.00001,0.00001,0.039992332,0.00001
149,120.2705239,31.49177396,3.17,4,3.67,3,5.6831098,0.7023107,2.243582,0.9113429,75.438,0.28653,0.26096,0.1638,0.21689,0.52227,0.2744,0.44706,7.697,0.036390305,0.01220417,0.046320915,0.12953949,0.014826775,0.384075165,0.188275337,0.046721458,0.025056839,0.000076294,0.058303833,0.000909805,0.012494087,0.003898621,0.00001,0.00001,0.00001,0.00001,0.00001,0.000008583,0.00001,0.000009537,0.000070572,0.00001,0.000017166,0.00001,0.00001,0.00001,0.00001,0.00001,0.035762786,0.000014305
153,120.2697108,31.49116505,2.5,4,3.67,2.17,7.4299235,0.78178555,3.5975811,1.2883629,81.92,0.23039,0.20623,0.2751,0.27451,0.3659,0.27056,0.36078,7.5575,0.023500443,0.00001,0.39566803,0.088805199,0.000002861,0.103604317,0.173431396,0.094020844,0.054858208,0.00001,0.001004219,0.00001,0.004797935,0.00001,0.00001,0.00001,0.00001,0.00001,0.00001,0.00001,0.00001,0.00001,0.00001,0.00001,0.00001,0.00001,0.00001,0.00001,0.00001,0.00001,0.037597656,0.000141144
159,120.2705266,31.4913862,2.67,4.33,3.33,2,5.711022,0.81905043,3.2866647,0.9816359,89.22,0.24181,0.2039,0.21473,0.24496,0.60936,0.25991,0.57647,7.7608,0.006132126,0.000574112,0.342920303,0.105289459,0.00001,0.109264374,0.229405403,0.0310812,0.030766487,0.001075745,0.009757996,0.00001,0.038131714,0.000955582,0.00001,0.000001907,0.00001,0.00001,0.000000954,0.00001,0.00001,0.000097275,0.00001,0.00001,0.00001,0.00001,0.00001,0.000412941,0.00001,0.000001907,0.086038589,0.00001
163,120.2715903,31.49176804,4,4.17,4,3.33,5.3434305,0.7208463,2.4950914,0.78906846,64.746,0.26112,0.2187,0.29273,0.27649,0.38255,0.27817,0.56078,7.5393,0.040377617,0.000099182,0.085411072,0.193855286,0.00001,0.250734329,0.260497093,0.046035767,0.00056076,0.00001,0.015727997,0.00001,0.046128273,0.010905266,0.00001,0.001818657,0.00001,0.00001,0.000164032,0.00001,0.00001,0.000502586,0.000002861,0.00001,0.00001,0.00001,0.00001,0.00001,0.00001,0.00001,0.045564652,0.001612664
169,120.2595622,31.49095628,4.67,5.17,4.17,3.5,5.144487,0.8060558,2.4463332,0.7405787,56.857,0.30894,0.21038,0.080566,0.11838,0.71605,0.23522,0.74118,6.9946,0.007978439,0.000256538,0.003750801,0.070072174,0.000151634,0.455561638,0.253238677,0.028391838,0.036392212,0.00001,0.058044434,0.00001,0.015864372,0.00065136,0.000406265,0.00001,0.010625839,0.00001,0.00001,0.000149727,0.00001,0.000000954,0.003561974,0.000529289,0.00001,0.00001,0.00001,0.00001,0.00001,0.000725746,0.033970833,0.000813484
173,120.2623754,31.49039547,4,4.83,4.67,3.33,6.1240764,0.8031884,3.458835,1.3669354,49.003,0.26373,0.22059,0.19594,0.23154,0.63667,0.30247,0.51373,7.7125,0.024124146,0.005694389,0.156219482,0.267674446,0.00001,0.126742363,0.210076332,0.118923187,0.002903938,0.002988815,0.014677048,0.00001,0.000582695,0.00698185,0.00001,0.000380516,0.00001,0.00001,0.00001,0.000264168,0.00001,0.000149727,0.000009537,0.00001,0.00001,0.00001,0.00001,0.00001,0.00014019,0.00001,0.060749054,0.00001
179,120.2640749,31.49107261,4.67,5,4.17,3.83,6.022115,0.7193842,3.064075,1.1770587,104.839,0.21796,0.15926,0.38711,0.29545,0.41333,0.29164,0.49412,7.6885,0.062857628,0.00001,0.092032433,0.125677109,0.001339912,0.273280144,0.154168129,0.11442852,0.046019554,0.00001,0.007452965,0.00001,0.081155777,0.000969887,0.00001,0.00001,0.00001,0.00001,0.000296593,0.00001,0.00001,0.00001,0.00001,0.00001,0.00001,0.00001,0.00001,0.00001,0.00001,0.00001,0.040213585,0.00001
183,120.2635389,31.49132376,4.33,4,3.67,3.67,5.0417004,0.7660706,2.8164349,0.79799044,144.928,0.1959,0.1363,0.31315,0.21359,0.53865,0.23523,0.52157,7.8923,0.009119987,0.001757622,0.01470089,0.113330841,0.015725136,0.417386055,0.115988732,0.030564308,0.057250977,0.00001,0.132805824,0.00001,0.024276733,0.001277924,0.0004282,0.00001,0.00001,0.00001,0.000094414,0.00001,0.00001,0.000020027,0.000256538,0.00001,0.002090454,0.00001,0.00001,0.00001,0.00001,0.00001,0.035528183,0.026947975
189,120.2604874,31.49091366,4.17,3.5,3,2.67,5.061962,0.7668618,3.0721009,0.7471076,84.163,0.21758,0.13818,0.39761,0.29823,0.33898,0.26307,0.44314,7.5676,0.038877487,0.028594971,0.04575634,0.049372673,0.002533913,0.432406425,0.162722588,0.008367538,0.050100327,0.00001,0.106637955,0.000005722,0.012495995,0.000824928,0.000001907,0.00001,0.023071289,0.00001,0.00001,0.00001,0.00001,0.00001,0.00001,0.000691414,0.00001,0.00001,0.00001,0.00001,0.00001,0.00001,0.034860611,0.001015663
193,120.2649948,31.49136422,4.67,4.67,3.67,3.33,4.9539576,0.7092732,2.770814,0.8484363,74.608,0.31451,0.23482,0.21556,0.24102,0.50465,0.30698,0.49804,7.8671,0.15391922,0.005226135,0.154716492,0.034565926,0.000465393,0.366504669,0.081109047,0.040480614,0.022624969,0.00001,0.061729431,0.00001,0.000208855,0.014615059,0.00001,0.00001,0.00001,0.00001,0.00001,0.000162125,0.00001,0.00001,0.000079155,0.00001,0.00001,0.00001,0.00001,0.00001,0.00001,0.00001,0.032897949,0.005773544
199,120.2640767,31.49074493,4.33,4,3.33,3.33,5.2846985,0.92470527,2.2200637,0.59918606,56.519,0.20569,0.2069,0.21827,0.26995,0.54206,0.32151,0.52157,7.631,0.02509594,0.012456894,0.025223732,0.208134651,0.00052166,0.285922051,0.132781029,0.024272919,0.054837227,0.00001,0.053840637,0.00001,0.130421638,0.000172615,0.002681732,0.00001,0.001215935,0.00001,0.001093864,0.00001,0.00001,0.00001,0.000483513,0.000006676,0.000006676,0.00001,0.00001,0.00001,0.00001,0.00001,0.034047127,0.005683899
203,120.2658968,31.49090725,3.33,4,4.33,3.33,7.3429465,0.74557984,3.381227,1.3930213,55.609,0.29468,0.23994,0.17328,0.22712,0.6647,0.27627,0.52157,7.732,0.053762436,0.000082016,0.066887856,0.236454964,0.00001,0.198436737,0.281098366,0.045694351,0.057006836,0.000002861,0.010256767,0.00001,0.010643959,0.002029419,0.00001,0.000904083,0.00001,0.00001,0.000021935,0.000011444,0.00001,0.000097275,0.00168705,0.00001,0.00001,0.00001,0.00001,0.000687599,0.00001,0.00001,0.033196449,0.000655174
209,120.2666424,31.49119979,2.5,4.5,5.33,3.33,9.303406,0.7755722,4.118777,1.7070802,69.45,0.33269,0.26707,0.16596,0.19149,0.60167,0.28056,0.48627,7.7963,0.023030281,0.001438141,0.294839859,0.211695671,0.00001,0.015881538,0.261804581,0.008833885,0.088162422,0.000357628,0.00001,0.001121521,0.011108398,0.004484177,0.00001,0.000210762,0.00001,0.00001,0.00001,0.00001,0.00001,0.000034332,0.00001,0.00001,0.00001,0.00001,0.00001,0.029773712,0.00044632,0.000259399,0.034778595,0.00001
213,120.2657082,31.4901963,4.33,5,4.33,3,6.7329206,0.7807854,3.3342788,1.0373687,105.724,0.2063,0.15646,0.27625,0.26268,0.55246,0.28512,0.58431,7.786,0.086556435,0.012893677,0.117992401,0.325763702,0.00001,0.07919693,0.118087769,0.195796013,0.008994102,0.00001,0.00001,0.000000954,0.001802444,0.011445045,0.00001,0.000195503,0.00001,0.00001,0.000207901,0.00610733,0.000039101,0.000031471,0.00001,0.00001,0.00001,0.00001,0.00001,0.00001,0.00001,0.000001907,0.033326149,0.000701904
219,120.2672856,31.49088759,2.5,2.83,2.67,2.67,9.117971,0.78801656,3.6845355,1.3308221,61.676,0.34781,0.24397,0.19189,0.22597,0.61549,0.29063,0.50196,7.7739,0.006713867,0.015004158,0.298326492,0.210277557,0.010246277,0.049286842,0.227519036,0.002765656,0.039003372,0.000024796,0.002262115,0.000619888,0.083481789,0.005913734,0.00001,0.00001,0.00001,0.00001,0.00001,0.00001,0.00001,0.00001,0.00001,0.00001,0.00001,0.00001,0.00001,0.021027565,0.00001,0.00001,0.026584625,0.000004768
223,120.2670332,31.49140086,2.67,3,2.5,2.5,9.067113,0.79132473,3.989954,1.4313657,46.24,0.30312,0.23435,0.22368,0.23494,0.54993,0.31003,0.5098,7.7947,0.043925285,0.001819611,0.21146965,0.29703331,0.000115395,0.035693169,0.23389244,0.023404121,0.029390335,0.001728058,0.040317535,0.00001,0.029163361,0.000086784,0.00004673,0.00001,0.00001,0.00001,0.000906944,0.000205994,0.00001,0.00001,0.000406265,0.00001,0.00001,0.00001,0.00001,0.004044533,0.00001,0.00001,0.032612801,0.013465881
229,120.2692789,31.49118734,3.5,5.33,4.67,3.67,5.396575,0.7951731,3.406549,1.0287579,70.515,0.31407,0.23634,0.25482,0.27945,0.49936,0.31422,0.57255,7.7215,0.021129608,0.002747536,0.041424751,0.240633965,0.00001,0.226470947,0.359169007,0.013188362,0.045225143,0.00001,0.000272751,0.00001,0.008361816,0.000444412,0.00001,0.000153542,0.00001,0.00001,0.00001,0.00001,0.00001,0.000152588,0.000104904,0.00001,0.00104332,0.00001,0.00001,0.00001,0.00001,0.00001,0.038999557,0.000477791
233,120.2682228,31.49104775,4,4.67,3.67,3.17,5.4659696,0.78409165,2.6969693,0.6613652,61.713,0.24322,0.19851,0.28134,0.28884,0.45807,0.29262,0.42745,7.6957,0.025532722,0.009669304,0.044021606,0.183348656,0.00001,0.322716713,0.134267807,0.051795959,0.062211037,0.00001,0.061281204,0.00001,0.053976059,0.005065918,0.00001,0.00001,0.00001,0.00001,0.00001,0.00001,0.00001,0.000265121,0.000002861,0.00001,0.00001,0.00001,0.00001,0.00001,0.00001,0.00001,0.038478852,0.00001
239,120.2704793,31.49077568,3,5.5,5,4,5.300268,0.7302855,2.584794,1.0892931,99.773,0.34745,0.25457,0.15679,0.22855,0.56215,0.28523,0.62353,7.6515,0.001169205,0.001656532,0.01803112,0.393496513,0.00001,0.102690697,0.404285431,0.002416611,0.003230095,0.001375198,0.00001,0.00001,0.002034187,0.003619194,0.00001,0.000283241,0.00001,0.00001,0.00001,0.00001,0.00001,0.000535965,0.000076294,0.00001,0.00001,0.00001,0.00001,0.00001,0.00001,0.00001,0.065020561,0.00001
243,120.2701032,31.49038569,2.17,4,3.33,2.5,9.362353,0.76200473,3.4024527,1.2921329,119.607,0.51524,0.28991,0.10443,0.18042,0.63937,0.28273,0.65098,7.0895,0.002031326,0.00001,0.455487251,0.093928337,0.016599655,0.003807068,0.266807556,0.015022278,0.016142845,0.00001,0.00001,0.00001,0.003135681,0.00001,0.00001,0.00001,0.00001,0.00001,0.00001,0.00001,0.00001,0.000183105,0.000000954,0.00001,0.00001,0.00001,0.00001,0.00001,0.00001,0.00001,0.126853943,0.00001
249,120.2712835,31.49109341,1.83,3.5,2.67,1.83,6.4364653,0.79862124,3.6861947,1.0569203,83.346,0.23172,0.17477,0.31125,0.27711,0.53807,0.29203,0.5098,7.6871,0.007096291,0.004218102,0.463300705,0.085981369,0.020253181,0.033723831,0.173233032,0.015714645,0.089902878,0.000000954,0.007535934,0.00001,0.013166428,0.001110077,0.00001,0.001381874,0.00001,0.00001,0.00001,0.00001,0.00001,0.000557899,0.001304626,0.00001,0.00001,0.00001,0.00001,0.000343323,0.000574112,0.00001,0.080429077,0.00001
253,120.2724154,31.49112725,2.67,3.67,2.67,2.67,6.8739676,0.64651453,2.9664247,1.3022549,54.305,0.34668,0.28521,0.15295,0.24661,0.62614,0.28355,0.6902,7.1729,0.023028374,0.000030518,0.337269783,0.082715988,0.00001,0.137972832,0.268431663,0.044250488,0.018063545,0.00001,0.0014534,0.00001,0.031040192,0.000001907,0.00001,0.00001,0.00001,0.00001,0.00001,0.002449036,0.00001,0.000141144,0.000024796,0.00001,0.00001,0.00001,0.00001,0.001749039,0.00001,0.000488281,0.047883035,0.00001
259,120.2717359,31.49093934,4.17,4.33,3.83,3.67,5.2729197,0.763112,2.8458476,0.7465838,92.579,0.27171,0.22489,0.22268,0.25543,0.47279,0.27204,0.44706,7.8102,0.023842812,0.008178711,0.068021774,0.243421555,0.00001,0.218960762,0.314516068,0.039660454,0.005488396,0.00001,0.005719185,0.00001,0.015921593,0.005329132,0.00001,0.0020895,0.00001,0.00001,0.00001,0.00001,0.000000954,0.000579834,0.00001,0.00001,0.00001,0.00001,0.00001,0.00001,0.00001,0.00001,0.032155991,0.00001
263,120.2605698,31.48990522,4,3.33,3.17,3.5,6.0249443,0.9182836,3.595196,1.1564398,80.394,0.23134,0.17908,0.27791,0.28602,0.49321,0.27652,0.46275,7.798,0.005709648,0.003091812,0.094771385,0.263853073,0.00001,0.172145844,0.174301147,0.012746811,0.113229752,0.000962257,0.021235466,0.00001,0.000355721,0.000717163,0.00001,0.001859665,0.00001,0.00001,0.00001,0.000058174,0.000007629,0.00001,0.000100136,0.00001,0.00001,0.00001,0.00001,0.00001,0.00001,0.00001,0.128216743,0.00001
269,120.2597984,31.49044974,2.33,1.5,2.33,1.5,6.3989906,0.893533,3.625082,1.462213,57.501,0.29881,0.23777,0.18457,0.23529,0.55632,0.29246,0.5098,7.572,0.116129875,0.003978729,0.053406715,0.3604002,0.043894768,0.07697773,0.17046547,0.003969193,0.054187775,0.00125885,0.042565346,0.00001,0.011191368,0.016202927,0.00001,0.002354622,0.000103951,0.00001,0.00001,0.004263878,0.00001,0.000607491,0.000201225,0.00001,0.00001,0.00001,0.00001,0.001446724,0.00001,0.008012772,0.019442559,0.00001
273,120.2591493,31.49002626,5.17,3.5,4.33,3.33,5.0618625,0.8410979,2.6055458,0.7644546,37.595,0.27072,0.25644,0.16053,0.24312,0.74363,0.26442,0.56078,6.8663,0.018676758,0.00001,0.020456314,0.13599968,0.000131607,0.37400341,0.303287506,0.051429749,0.028624535,0.000126839,0.017416,0.00001,0.008605957,0.001235008,0.00001,0.00001,0.005789757,0.00001,0.00001,0.00001,0.00001,0.000339508,0.000917435,0.00001,0.00001,0.00001,0.00001,0.00001,0.00001,0.00001,0.032704353,0.00001
279,120.2602212,31.4886131,4.67,2.67,2.33,2.17,4.927289,0.7630644,2.0363872,0.63232845,90.819,0.20266,0.16332,0.28002,0.27346,0.41732,0.25896,0.45882,7.6627,0.056056976,0.000095367,0.00001,0.154297829,0.00001,0.456604958,0.080288888,0.114114761,0.013529778,0.00001,0.084432602,0.00001,0.014250755,0.00001,0.002445221,0.00001,0.00001,0.00001,0.00001,0.000151634,0.00001,0.00001,0.00001,0.00001,0.001137733,0.00001,0.00001,0.00001,0.00001,0.00001,0.019602776,0.000164986
283,120.2606181,31.48918141,4.83,3,2.83,2.5,4.9904118,0.79985493,1.9592726,0.4318648,103.086,0.1828,0.14388,0.33018,0.27239,0.56635,0.28709,0.58824,7.4508,0.021315575,0.001072884,0.000540733,0.256076813,0.00001,0.334833145,0.096348762,0.063933372,0.011148453,0.000330925,0.051175117,0.00001,0.107744217,0.00001,0.017047882,0.00001,0.003314972,0.00001,0.00001,0.000069618,0.00001,0.000180244,0.000172615,0.00001,0.00001,0.00001,0.00001,0.00001,0.00001,0.00001,0.023032189,0.011031151
289,120.2622856,31.4894839,4.5,4.5,4.67,4.17,5.0347414,0.95612884,3.3457274,0.85884655,53.836,0.19105,0.18779,0.21865,0.25613,0.68328,0.3123,0.58431,6.9447,0.123703957,0.000750542,0.033194542,0.412155151,0.00001,0.069210052,0.211849212,0.009130478,0.024427414,0.00001,0.068101883,0.003684997,0.00001,0.013320923,0.00001,0.000002861,0.000105858,0.000077248,0.00001,0.00001,0.00001,0.00001,0.00001,0.00001,0.00001,0.00001,0.00001,0.00001,0.00001,0.00001,0.027339936,0.00001
293,120.2657082,31.48990011,4.67,4.5,5.33,4,5.170871,0.91056406,3.2596579,0.9233932,54.109,0.23338,0.18011,0.2939,0.29002,0.6036,0.34013,0.58039,7.1433,0.138167381,0.000319481,0.00404644,0.352619171,0.001094818,0.15847683,0.103952408,0.089839935,0.033539772,0.00001,0.006127357,0.008685112,0.00001,0.036190987,0.00001,0.000008583,0.019768715,0.00493145,0.00001,0.00001,0.00001,0.000000954,0.000007629,0.00001,0.00001,0.00001,0.00001,0.00001,0.00001,0.00001,0.021559715,0.00447464
299,120.2658878,31.48931538,3.67,2.83,3,3,4.957654,0.74082494,2.1810071,0.63546324,62.379,0.29519,0.28854,0.14208,0.21763,0.64694,0.2735,0.69412,7.088,0.055096626,0.025084496,0.001004219,0.062571526,0.00001,0.500808716,0.091134071,0.009615898,0.006202698,0.00001,0.050765038,0.00001,0.067299843,0.002593994,0.004631996,0.00001,0.00001,0.00001,0.00001,0.00001,0.00001,0.00001,0.00001,0.00001,0.00001,0.00001,0.000002861,0.00001,0.00001,0.00001,0.117768288,0.001834869
303,120.2653229,31.49011781,4.17,3.5,4.33,3.5,5.483591,0.8178197,2.39143,0.88576794,43.534,0.33664,0.26766,0.19439,0.24588,0.70267,0.27837,0.55686,7.3679,0.07071209,0.00001,0.017139435,0.213030815,0.001131058,0.292118073,0.158337593,0.085007668,0.073129654,0.002498627,0.027625084,0.00001,0.012189865,0.004831314,0.00001,0.002946854,0.000175476,0.00001,0.00001,0.001016617,0.00001,0.000070572,0.000628471,0.00001,0.00001,0.00001,0.00001,0.004214287,0.000008583,0.00001,0.033048629,0.000139236
309,120.2689464,31.49036479,4.67,4.67,4.67,4,5.1210327,0.7667077,2.5832105,0.7992868,97.782,0.21675,0.1679,0.42113,0.29239,0.47051,0.2684,0.4902,7.8402,0.008832932,0.001830101,0.01354599,0.242591858,0.00001,0.263571739,0.296366691,0.125528336,0.001084328,0.00001,0.002305031,0.00001,0.00705719,0.00120163,0.00001,0.002168655,0.00001,0.00001,0.00001,0.00001,0.00001,0.00001,0.00001,0.00001,0.00001,0.00001,0.00001,0.00001,0.00001,0.00001,0.033224106,0.000691414
313,120.2682369,31.48909516,4.83,4.83,5.33,4.67,6.2187743,0.8504847,3.9763002,1.2786541,63.266,0.37159,0.26457,0.14513,0.23149,0.60868,0.28329,0.67451,7.3203,0.010328293,0.000554085,0.0731287,0.309494972,0.00001,0.138469696,0.311234474,0.02460289,0.007321358,0.00001,0.000000954,0.00001,0.010311127,0.000349998,0.00001,0.00001,0.00001,0.00001,0.00001,0.00001,0.00001,0.000004768,0.000024796,0.00001,0.00001,0.00001,0.00001,0.00001,0.00001,0.00001,0.114120484,0.00001
319,120.2696956,31.49010751,4.5,5,5.5,4.67,5.3203163,0.7657341,3.413412,1.1345217,103.079,0.18447,0.15355,0.33291,0.26876,0.52481,0.27114,0.52549,7.6871,0.035391808,0.008625984,0.025000572,0.34581089,0.00001,0.146903038,0.251002312,0.002055168,0.002750397,0.00211525,0.000014305,0.00001,0.006219864,0.003186226,0.00001,0.000549316,0.00001,0.00001,0.000101089,0.00001,0.00001,0.00001,0.00001,0.00001,0.00001,0.00001,0.00001,0.00001,0.00001,0.00001,0.170273781,0.00001
323,120.2695979,31.48906259,4.17,4.83,4.83,4,5.4119897,0.86952674,3.1333644,1.0260803,94.522,0.22184,0.17037,0.38611,0.27974,0.42567,0.27238,0.46275,7.6694,0.006124496,0.005460739,0.009849548,0.248503685,0.00001,0.263660431,0.336378098,0.015293121,0.019335747,0.000973701,0.00001,0.00001,0.000153542,0.000048637,0.00001,0.000941277,0.00001,0.00001,0.00001,0.00001,0.00001,0.0004673,0.000444412,0.00001,0.00001,0.00001,0.00001,0.00001,0.00001,0.000031471,0.092333793,0.00001
329,120.2728857,31.49039547,4.5,5.17,4.5,3.83,5.317256,0.71446115,2.8113787,0.86842966,107.609,0.41488,0.29086,0.17173,0.25157,0.55677,0.3002,0.63922,7.3701,0.033884048,0.000491142,0.055700302,0.16326046,0.00001,0.308040619,0.259706497,0.073690414,0.039786339,0.002624512,0.002793312,0.00001,0.002853394,0.001739502,0.000044823,0.000291824,0.017076492,0.00001,0.00001,0.000001907,0.00001,0.000101089,0.000136375,0.00001,0.000229836,0.00001,0.00001,0.00124073,0.00001,0.00001,0.035541534,0.000370026
333,120.2609603,31.4898126,2.5,2.5,2.67,1.83,5.5677643,0.85886806,3.3601863,0.85603416,70.486,0.22701,0.21188,0.20482,0.24309,0.51737,0.29331,0.47059,7.9126,0.056192398,0.025722504,0.057193756,0.316008568,0.001174927,0.149141312,0.201010704,0.068127632,0.044265747,0.00001,0.025677681,0.00001,0.000728607,0.014730454,0.00001,0.001198769,0.00001,0.00001,0.000201225,0.00001,0.00001,0.00001,0.000008583,0.00001,0.000761986,0.00001,0.00001,0.00001,0.00001,0.00001,0.015881539,0.000004768
339,120.2619025,31.48886207,3.17,3.67,3.83,2.5,5.8224416,0.7671449,2.7086473,0.7637115,57.185,0.38512,0.27868,0.19856,0.27542,0.48892,0.3121,0.59608,7.6154,0.004828453,0.003016472,0.007283211,0.110699654,0.00001,0.430934906,0.241721153,0.001414299,0.090774536,0.00001,0.058695793,0.00001,0.009361267,0.005598068,0.00001,0.00001,0.00001,0.00001,0.000552177,0.000153542,0.00001,0.00001,0.000123024,0.00001,0.00001,0.00001,0.00001,0.000031471,0.00001,0.00001,0.0232687,0.000003815
343,120.2619536,31.48772681,3,4.67,5,3.5,5.2449684,0.8426359,2.4704573,0.9789739,97.665,0.26227,0.23931,0.22013,0.26546,0.53098,0.27417,0.63922,7.5013,0.04916954,0.001125336,0.02862072,0.421721458,0.000022888,0.070832253,0.301894188,0.000490189,0.007193565,0.00001,0.005324364,0.000178337,0.00138855,0.059976578,0.00001,0.002806664,0.000000954,0.000019073,0.002260208,0.00001,0.00001,0.000720024,0.000025749,0.00001,0.00001,0.00001,0.00001,0.00001,0.00001,0.00001,0.031996727,0.00001
349,120.2640288,31.48768462,4.33,4.5,4.5,3.5,5.5257177,0.79397607,2.801397,0.9195798,61.221,0.37596,0.22994,0.1815,0.22749,0.66552,0.29445,0.61176,7.6395,0.089431763,0.005084038,0.03358078,0.085398674,0.00001,0.40678215,0.20758915,0.063962936,0.037953377,0.00001,0.02436161,0.00001,0.006855965,0.003173828,0.00001,0.00001,0.001728058,0.00001,0.00001,0.000001907,0.00001,0.00001,0.00001,0.00001,0.00001,0.00001,0.00001,0.00001,0.00001,0.00001,0.033022881,0.00001
353,120.2634607,31.48873216,3.5,4,4.17,3.67,5.134116,0.7741973,2.544354,0.76668614,51.476,0.23777,0.22316,0.13298,0.19544,0.73695,0.26576,0.58431,7.1124,0.044692039,0.000623703,0.019625664,0.149524689,0.00001,0.373648643,0.184112549,0.005508423,0.027194023,0.000171661,0.079743385,0.00001,0.031415939,0.036334038,0.00001,0.000009537,0.000988007,0.00001,0.00001,0.000771523,0.00001,0.000061989,0.000295639,0.00001,0.00001,0.00001,0.00001,0.00001,0.00001,0.00001,0.037540435,0.00001
359,120.2633616,31.48954874,3.33,2.83,3.17,2.67,4.891047,0.8033384,2.269245,0.53125626,57.841,0.37256,0.25598,0.17462,0.15232,0.65582,0.2633,0.59608,7.6602,0.019828796,0.005879402,0.03295517,0.148692131,0.00001,0.378995895,0.175987243,0.006207466,0.012988091,0.00001,0.144571304,0.00001,0.038964272,0.001491547,0.00001,0.001707077,0.00001,0.00001,0.000019073,0.00001,0.00001,0.00001,0.000626564,0.00001,0.00001,0.00001,0.00001,0.00001,0.00001,0.00001,0.029176712,0.001909256
363,120.2640741,31.48934248,2.83,3.17,2.83,2.67,4.8577843,0.84165424,2.286038,0.5521215,82.253,0.20799,0.16276,0.26684,0.2672,0.59399,0.28614,0.61176,7.5093,0.0739851,0.006135941,0.004496574,0.296015739,0.00001,0.253469467,0.157362937,0.004696846,0.001977921,0.00001,0.059503555,0.000590324,0.036992073,0.002566338,0.000016212,0.000055313,0.000006676,0.00001,0.00001,0.00001,0.00001,0.00001,0.000000954,0.000922203,0.00001,0.00001,0.00001,0.00001,0.00001,0.00001,0.034795761,0.0001297
369,120.2665966,31.4893069,4.5,3.83,3.5,3,5.5716367,0.7732165,2.5348897,0.7929734,79.423,0.43196,0.28838,0.16217,0.25083,0.60089,0.29362,0.66275,7.2794,0.111444473,0.006605148,0.00001,0.15633297,0.00001,0.363053322,0.231863022,0.054739952,0.026071548,0.00001,0.010780334,0.00001,0.00270462,0.002081871,0.00001,0.000196457,0.002456665,0.00001,0.00001,0.00001,0.00001,0.000513077,0.001328468,0.00001,0.00001,0.00001,0.00001,0.00001,0.00001,0.00001,0.029758453,0.000068665
373,120.2674458,31.48909664,3.17,3.83,3.67,3.17,6.4048395,0.78817344,3.3197002,1.2884908,96.729,0.20779,0.15033,0.28992,0.25379,0.55329,0.26635,0.62353,7.5512,0.004811287,0.009234428,0.027587891,0.301164627,0.00001,0.195300102,0.353977203,0.017773628,0.03096199,0.000795364,0.001873016,0.00001,0.007635117,0.000000954,0.00001,0.00001049,0.00001,0.00001,0.00001,0.00001,0.00001,0.00001,0.000017166,0.00001,0.00001,0.00001,0.00001,0.00001,0.00001,0.00001,0.048656464,0.00001
379,120.2707193,31.49014802,3.67,3.83,4.33,3.67,5.413162,0.8884329,2.8498385,0.8874612,79.259,0.1956,0.13424,0.33758,0.28783,0.47539,0.30282,0.53333,7.5407,0.013962746,0.000210762,0.01961422,0.290514946,0.00001,0.207197189,0.348208427,0.021640778,0.018565178,0.001944542,0.008005142,0.00001,0.003678322,0.002263069,0.00001,0.001047134,0.00001,0.00001,0.00001,0.00001,0.00001,0.000724792,0.00002861,0.00001,0.000113487,0.00001,0.00001,0.00001,0.00001,0.00001,0.061736107,0.00001
383,120.2697416,31.48906259,4.67,4.5,4.67,3.83,5.294014,0.72495604,2.636592,0.78347397,43.413,0.37653,0.28015,0.13425,0.23468,0.66634,0.27806,0.70588,6.7114,0.032265663,0.000000954,0.001667023,0.326823235,0.00001,0.182397842,0.350901604,0.047577858,0.02009964,0.00001,0.002327919,0.000340462,0.000217438,0.000287056,0.00001,0.000255585,0.00001,0.00001,0.00001,0.00001,0.00001,0.000340462,0.001060486,0.00001,0.00001,0.00001,0.00001,0.00001,0.00001,0.00001,0.033436775,0.00001
389,120.2725254,31.48932961,5,4.17,4.33,4.33,6.2736034,0.71540487,2.4384704,0.73484457,99.762,0.25774,0.21486,0.24529,0.26544,0.52846,0.28542,0.61176,7.5277,0.082787514,0.001236916,0.117300987,0.136322975,0.00001,0.255993843,0.183639526,0.109659195,0.013734818,0.000308037,0.026186943,0.00001,0.002334595,0.00001,0.000123024,0.000062943,0.00001,0.00001,0.00001,0.00001,0.00001,0.00001,0.000005722,0.00001,0.00001,0.00001,0.00001,0.00001,0.00001,0.00001,0.032325745,0.033273697
393,120.2648363,31.48885657,3.5,3.83,4,3.67,5.957549,0.72257036,2.8188117,1.1688823,96.463,0.34075,0.26474,0.22981,0.274,0.50692,0.27706,0.61176,7.6364,0.056670189,0.002938271,0.0322752,0.263005257,0.00001,0.234173775,0.275071144,0.065663338,0.018317223,0.001180649,0.011583328,0.00001,0.005018234,0.00012207,0.000587463,0.000078201,0.00001,0.00001,0.000159264,0.00001,0.00001,0.000002861,0.00001,0.00001,0.000061035,0.00001,0.00001,0.000810623,0.00001,0.00001,0.031212807,0.00001
399,120.2656962,31.48813824,4.17,4,4,4,5.3386927,0.682677,2.7285414,0.87612605,51.782,0.33264,0.25736,0.089133,0.084028,0.7206,0.20267,0.58431,7.2952,0.021129608,0.000191689,0.006567955,0.162081718,0.002381325,0.346865654,0.285244942,0.007106781,0.064670563,0.00001,0.016889572,0.00001,0.039173126,0.000286102,0.00001,0.00001,0.00001,0.00001,0.00001,0.00001,0.00001,0.000029564,0.00001,0.00001,0.00001,0.00001,0.00001,0.00001,0.00001,0.00001,0.047381402,0.00001
403,120.2658797,31.4879122,3.67,5.5,4.33,4.5,5.5748262,0.71130246,3.016768,1.0285987,65.521,0.33197,0.28933,0.1433,0.23386,0.66767,0.26655,0.71373,6.8961,0.010481834,0.006782532,0.08898735,0.280716896,0.038648605,0.04251194,0.39991188,0.00774765,0.010398865,0.000038147,0.00001,0.000148773,0.00001,0.008952141,0.00001,0.014706612,0.00001,0.00001,0.00001,0.00001,0.00001,0.00001,0.000001907,0.00001,0.00001,0.00001,0.00001,0.00001,0.00001,0.00001,0.034733772,0.000715256
409,120.2675436,31.48787015,5.17,4.83,4.33,4.5,5.4525733,0.7379408,2.6396658,0.6792488,84.822,0.22201,0.16826,0.29921,0.28874,0.52749,0.27336,0.50196,7.6893,0.059000015,0.005654335,0.014695168,0.187554359,0.007029533,0.30228138,0.168421745,0.119756699,0.024364471,0.000108719,0.038053513,0.00001,0.007950783,0.011883736,0.00001,0.000089645,0.00001,0.00001,0.00001,0.00001,0.00001,0.001337051,0.000919342,0.00001,0.00001,0.00001,0.00001,0.00001,0.00001,0.00001,0.0333395,0.015947342
413,120.2671301,31.48756014,4.17,4.33,4.5,4,5.3974085,0.75338596,2.56895,1.0111977,70.723,0.17501,0.17849,0.17296,0.23183,0.6696,0.27581,0.55686,7.2019,0.032216072,0.00001,0.021127701,0.184770584,0.000000954,0.329797745,0.188217163,0.136252403,0.011256218,0.00001,0.042414665,0.000230789,0.001246452,0.005869865,0.00001,0.00001,0.00001,0.00001,0.00001,0.00001,0.00001,0.000000954,0.000890732,0.00001,0.00001,0.00001,0.00001,0.00001,0.00001,0.00001,0.030865669,0.001733779
419,120.2692576,31.48907073,4.67,5,3.83,3.5,5.8199778,0.7421571,3.1772094,1.1943449,97.006,0.19344,0.13421,0.31847,0.25804,0.51473,0.27128,0.52941,7.6853,0.011073112,0.013650894,0.194090843,0.168811798,0.00001,0.160435677,0.166829109,0.126496315,0.005465508,0.00001,0.011106491,0.00001,0.099381447,0.001162529,0.00001,0.006692886,0.00001,0.00001,0.000058174,0.00001,0.00001,0.000700951,0.00064373,0.00001,0.00001,0.00001,0.00001,0.00001,0.00001,0.00001,0.033216476,0.000178337
423,120.2682466,31.48776402,4.83,5,4.33,3.83,6.9793034,0.7631153,3.616202,1.2852192,75.551,0.21427,0.14999,0.34249,0.29314,0.51793,0.28282,0.52941,7.6766,0.032229424,0.00001,0.145346642,0.273117065,0.00001,0.094819069,0.258808136,0.104886055,0.001939774,0.00001,0.000051498,0.00001,0.042996407,0.003594398,0.00001,0.006605148,0.00001,0.00001,0.00001,0.00001,0.00001,0.000011444,0.00001,0.00001,0.00001,0.00001,0.00001,0.00001,0.00001,0.00001,0.035336494,0.00001
429,120.269563,31.4884257,2.83,4.17,3.83,3.17,9.186655,0.8948797,4.059025,1.3323275,53.745,0.2812,0.23805,0.12977,0.14096,0.64042,0.26941,0.58039,7.4315,0.072414398,0.00286293,0.18356514,0.236095428,0.00390625,0.098665237,0.179333687,0.021607399,0.116649628,0.000715256,0.001859665,0.00001,0.028886795,0.00001,0.00001,0.000310898,0.00001,0.00001,0.000001907,0.00001,0.00001,0.000125885,0.00001,0.00001,0.00001,0.00001,0.00001,0.003188133,0.00001,0.00001,0.041262626,0.00034523
433,120.269838,31.48877401,6.33,2.5,2.17,2.83,7.027461,0.6957425,2.5818164,0.8665819,82.166,0.2987,0.2371,0.17174,0.2186,0.58514,0.2859,0.61961,7.6278,0.07334137,0.059622765,0.033630371,0.139609337,0.000198364,0.383177757,0.048848152,0.01723671,0.096262932,0.000558853,0.032003403,0.00001,0.073446274,0.004179954,0.000116348,0.00097847,0.000232697,0.00001,0.00001,0.000865936,0.00001,0.00001,0.00001,0.00001,0.001351357,0.00001,0.00001,0.00001,0.00001,0.00001,0.018864632,0.01228714
439,120.2707837,31.4879595,4.83,4.17,3.83,3.83,5.9918494,0.7836831,3.1793787,1.0445559,75.034,0.27944,0.21256,0.2928,0.30424,0.42927,0.2935,0.4902,7.7312,0.048212051,0.001992226,0.011388779,0.164061546,0.00001,0.358515739,0.17063713,0.200498581,0.021681786,0.00001,0.00001,0.00001,0.005026817,0.000001907,0.00001,0.000382423,0.00001,0.00001,0.00001,0.00001,0.00001,0.00002861,0.000710487,0.00001,0.00001,0.00001,0.00001,0.00001,0.00001,0.00001,0.013228417,0.000005722
443,120.2724353,31.48765277,3.33,4.83,5.17,5,5.6062775,0.6963779,2.7569704,1.0937583,83.563,0.23066,0.19371,0.26201,0.27523,0.56661,0.27613,0.51373,7.6937,0.081187248,0.000331879,0.016706467,0.422956467,0.000164032,0.029204369,0.328844071,0.020132065,0.002876282,0.00001,0.006781578,0.00001,0.009606362,0.045072556,0.00001,0.003674507,0.00001,0.00001,0.00001,0.00001,0.00001,0.000004768,0.000325203,0.00001,0.00001,0.00001,0.00001,0.00001,0.00001,0.00001,0.028730393,0.002004623
449,120.2648108,31.48776484,3.67,4,4,3.83,5.1076956,0.7694268,2.6084545,0.8216916,89.364,0.20597,0.13949,0.33175,0.30481,0.53552,0.29193,0.5451,7.7484,0.019463539,0.004364014,0.005337715,0.214128494,0.00001,0.299530029,0.342190742,0.008986473,0.026183128,0.000002861,0.018901825,0.00001,0.025400162,0.000295639,0.00001,0.00001,0.00001,0.00001,0.00001,0.000899315,0.00001,0.00017643,0.000311852,0.00001,0.00001,0.00001,0.00001,0.00001,0.00001,0.00001,0.033231736,0.000128746
453,120.2653326,31.48765038,3.33,3.67,3.5,4,7.688819,0.72525233,2.8453307,1.3380408,66.152,0.21346,0.17466,0.2589,0.27837,0.627,0.30197,0.56863,7.4801,0.067512512,0.002079964,0.004179001,0.28910923,0.00001,0.225021362,0.164928436,0.029355049,0.011423111,0.00001,0.049794197,0.00001,0.063902855,0.026262283,0.00001,0.00093174,0.00001,0.00001,0.026339531,0.00001,0.00001,0.001297951,0.002693176,0.00001,0.00001,0.00001,0.00001,0.00001,0.00001,0.00001,0.021770477,0.013307571
459,120.2658519,31.4876684,3.5,3.83,3.83,4,5.7968464,0.67600393,2.8664231,1.0863338,98.525,0.20907,0.18478,0.30279,0.29457,0.52644,0.31204,0.53725,7.7991,0.009461403,0.000551224,0.120697022,0.165865898,0.028581619,0.206352234,0.232992172,0.0572052,0.080639839,0.00001,0.023619652,0.000001907,0.000104904,0.004038811,0.00001,0.000008583,0.00001,0.00001,0.00001,0.00001,0.00001,0.000004768,0.000023842,0.000003815,0.00001,0.00001,0.00001,0.00001,0.00001,0.00001,0.020200729,0.00113678
463,120.2667224,31.48756121,3.67,4.5,4.17,3.67,5.71435,0.84422106,3.5697415,1.103462,56.487,0.22693,0.20681,0.21371,0.26181,0.61607,0.31902,0.52549,7.496,0.05411911,0.000939369,0.045482636,0.224396706,0.00001,0.242882729,0.166137696,0.079208374,0.081735611,0.000012398,0.071303368,0.00001,0.005433083,0.00001,0.00001,0.000466347,0.000001907,0.00001,0.00001,0.00001,0.00001,0.000056267,0.000166893,0.00001,0.00001,0.00001,0.00001,0.00001,0.00001,0.00001,0.025585175,0.00001
469,120.267206,31.48785258,4,4.83,3.33,4.17,4.9832964,0.8112296,2.2906544,0.47823852,25.592,0.46248,0.29855,0.054654,0.091156,0.78318,0.2313,0.76863,6.634,0.01444149,0.000454903,0.008524895,0.197659492,0.00001,0.319582939,0.182400703,0.049297333,0.01761055,0.00001,0.056587219,0.00001,0.110294342,0.00445652,0.000371933,0.000094414,0.000220299,0.00001,0.00001,0.00001,0.00001,0.000001907,0.005366325,0.00001,0.00001,0.00001,0.00001,0.00001,0.00001,0.00001,0.031878471,0.00001
473,120.268897,31.48800571,3.33,4.33,4,3.67,5.188384,0.8111653,2.980815,0.9201492,74.739,0.36095,0.29366,0.19626,0.27284,0.5232,0.31418,0.62745,7.484,0.014551163,0.00938797,0.01245308,0.233735085,0.00001,0.286261559,0.344609261,0.019552231,0.030722618,0.000239372,0.009950638,0.00001,0.001396179,0.000268936,0.00001,0.000603676,0.00001,0.00001,0.00001,0.00001,0.00001,0.002156258,0.000247002,0.00001,0.00001,0.00001,0.00001,0.000000954,0.00001,0.00001,0.033855438,0.00001
479,120.2696852,31.48731921,3.17,4.5,4.5,4,6.35293,0.77050394,3.6552014,1.335833,81.937,0.30326,0.27256,0.19253,0.16745,0.68368,0.26793,0.58431,7.764,0.034010887,0.007261276,0.106987,0.232730865,0.019683838,0.178933144,0.21385765,0.037974358,0.040966988,0.00001,0.027804375,0.00001,0.064499855,0.000201225,0.002366066,0.000184059,0.000000954,0.00001,0.00001,0.00001,0.00001,0.00033474,0.000000954,0.00001,0.00001,0.00001,0.00001,0.00001,0.00001,0.00001,0.031689644,0.00001
483,120.270604,31.48777565,3.33,4.17,4.17,4,5.629826,0.7572608,2.5780513,0.9667139,86.393,0.26389,0.20718,0.25543,0.25688,0.53394,0.29464,0.49804,7.9132,0.029022217,0.000639915,0.161746025,0.249836922,0.00001,0.115777016,0.110891342,0.102092743,0.034491539,0.020627975,0.022247314,0.00001,0.086726189,0.002940178,0.000002861,0.00001,0.00001,0.00001,0.00001,0.00001,0.00001,0.000530243,0.00001,0.00001,0.00001,0.00001,0.007502556,0.013363838,0.00001,0.00001,0.040721893,0.00001
489,120.2707477,31.48779097,3.5,4.17,4.33,4.17,6.3305335,0.9998375,3.783248,1.5099655,69.27,0.26088,0.21458,0.21246,0.25809,0.62126,0.30159,0.52157,7.5124,0.132372856,0.00001,0.180586815,0.297959328,0.00001,0.042895317,0.197693824,0.041910172,0.00291729,0.00001,0.009767532,0.00001,0.072764397,0.005288124,0.00001,0.001338959,0.00001,0.00001,0.00001,0.00001,0.00001,0.000246048,0.001028061,0.00001,0.00001,0.00001,0.00001,0.00001,0.002706528,0.00001,0.010511398,0.00001
493,120.2621064,31.48732069,4.33,3.83,3.17,3.33,6.042605,0.71324164,2.514577,1.1586075,79.412,0.21473,0.18699,0.21911,0.24321,0.61275,0.28468,0.55686,7.3446,0.028402328,0.00001,0.024207115,0.069863319,0.000177383,0.42585659,0.121034622,0.126262665,0.040915489,0.00001,0.091603279,0.00001,0.023407936,0.00001,0.00001,0.00001,0.00001,0.00001,0.00001,0.000829697,0.00001,0.00001,0.00001,0.00001,0.00001,0.00001,0.00001,0.00001,0.00001,0.00001,0.023784637,0.023557663
499,120.2630877,31.48710453,4.67,4.17,3.83,3.67,5.491604,0.81739926,2.6351852,0.7986274,58.748,0.34576,0.28748,0.13297,0.22742,0.60819,0.29837,0.67843,7.1443,0.004477501,0.012844086,0.001654625,0.135385513,0.00753212,0.396550179,0.238488198,0.010274887,0.062407494,0.000414848,0.037094116,0.000324249,0.006282806,0.00071907,0.00001,0.000007629,0.000000954,0.00001,0.00001,0.00001,0.00001,0.00001,0.000025749,0.00001,0.00001,0.00001,0.00001,0.00001,0.00001,0.00001,0.085000038,0.00001
505,120.2647051,31.48714067,3.67,3.83,3.67,3,5.583319,0.7420634,2.4616091,1.0609646,75.009,0.22635,0.20114,0.24127,0.29243,0.60306,0.30017,0.60392,7.3556,0.081215858,0.000066757,0.013557434,0.302625656,0.000021935,0.201172828,0.127427101,0.026233673,0.031784058,0.00001,0.072960854,0.00001,0.080746651,0.015795708,0.00001,0.000248909,0.000870705,0.00001,0.000729561,0.00001,0.00001,0.000015259,0.00156498,0.00001,0.00001,0.00001,0.00001,0.00001,0.00001,0.00001,0.031646728,0.010724068
509,120.2640371,31.48681275,3,3.17,2.33,2.17,5.6402845,0.66825235,3.0632226,0.94166297,76.565,0.22143,0.21121,0.20589,0.26488,0.6279,0.28312,0.56471,7.4814,0.03207016,0.001289368,0.159407616,0.023946762,0.011839867,0.353350639,0.08313942,0.080765724,0.018188477,0.000192642,0.149626732,0.000003815,0.048300743,0.002326965,0.00001,0.00001,0.00083828,0.00001,0.00001,0.000001907,0.00001,0.00001,0.000213623,0.000181198,0.000053406,0.00001,0.00001,0.00001,0.00001,0.00001,0.02794075,0.004087448
515,120.265869,31.48731324,4.33,3.5,3.33,2.67,6.319269,0.8504191,2.8579485,1.1119322,78.663,0.25297,0.21811,0.30102,0.31081,0.53754,0.32078,0.53725,7.3493,0.025666237,0.001597404,0.258872032,0.082779884,0.019996643,0.230056763,0.116673469,0.078071594,0.071763039,0.00004673,0.030292511,0.00001,0.003554344,0.002332687,0.00001,0.00001,0.00001,0.00001,0.00001,0.00001,0.000617981,0.00001,0.00001,0.00001,0.00001,0.00001,0.00001,0.00001,0.00001,0.00001,0.022502899,0.000017166
519,120.2685561,31.48710976,3.17,2.83,3.5,2.67,5.5395055,0.6989882,2.6719317,1.1774544,72.06,0.22074,0.19873,0.28136,0.28214,0.46715,0.30363,0.49804,7.6134,0.066743851,0.014017105,0.188047409,0.137367249,0.000072479,0.208683968,0.201475144,0.030125618,0.014837265,0.00001,0.088389397,0.00001,0.005812645,0.013924599,0.00020504,0.003644943,0.000000954,0.00001,0.00006485,0.00001,0.000008583,0.000183105,0.001413345,0.00001,0.00001,0.00001,0.000041008,0.00001,0.000055313,0.00001,0.012278557,0.00303936
525,120.2689212,31.48619807,3.5,2.33,2.5,2.67,6.32148,0.84319204,2.5179682,0.84475094,89.915,0.17937,0.11348,0.39583,0.2752,0.41084,0.26257,0.47059,7.6607,0.047530174,0.000279427,0.207333564,0.161258698,0.00045681,0.195824623,0.051492691,0.018979073,0.024317741,0.00001,0.067120552,0.00023365,0.163323402,0.003541946,0.000573158,0.001322746,0.000261307,0.00001,0.000001907,0.00025177,0.000022888,0.00001,0.000015259,0.00001,0.000065804,0.00001,0.00001,0.00001,0.00001,0.00001,0.01603508,0.00001
529,120.2701784,31.48685656,2.67,1.83,2.17,2,4.9269047,0.93917584,2.000197,0.40429685,87.765,0.20745,0.16906,0.22169,0.24992,0.63723,0.30548,0.55294,7.4753,0.050457001,0.001324654,0.001832962,0.221901894,0.002443314,0.343539238,0.075378418,0.000006676,0.014110565,0.00001,0.219345093,0.00001,0.046040535,0.000219345,0.00001,0.00001,0.00001,0.00001,0.00001,0.001259804,0.00001,0.00001,0.000012398,0.00001,0.00001,0.00001,0.00001,0.00001,0.00001,0.00001,0.018741608,0.000554085
535,120.2707837,31.48716282,3.33,1.67,2.33,1.5,5.7054763,0.86841416,2.2631655,0.74731356,44.292,0.24342,0.21877,0.18983,0.24212,0.65487,0.30628,0.54118,7.5288,0.019472122,0.010080338,0.081773758,0.121257782,0.004858971,0.361057281,0.098083496,0.005057335,0.020916939,0.000076294,0.160597801,0.00001,0.081821442,0.000199318,0.000101089,0.00001,0.000041008,0.00001,0.00001,0.00001,0.00001,0.00001,0.000020027,0.00001,0.00001,0.00001,0.00001,0.00001,0.00001,0.00001,0.032779694,0.000807762
539,120.2712867,31.4875535,3.83,3.5,3.17,3.5,9.190316,0.7688589,3.467694,1.577374,71.514,0.26729,0.22392,0.25478,0.26859,0.64355,0.30184,0.55686,7.5036,0.014923096,0.00001,0.155942917,0.097090721,0.00001,0.293260575,0.107584,0.23210144,0.015035629,0.00001,0.03255558,0.00001,0.0246315,0.000988007,0.00001,0.00001,0.00001,0.00001,0.00001,0.00001,0.00001,0.000115395,0.00001,0.00001,0.00001,0.00001,0.00001,0.00001,0.00001,0.00001,0.024753571,0.000029564
545,120.2721138,31.48705115,3.5,3.67,4.17,2.83,5.856415,0.7576435,3.3668604,1.4043311,74.649,0.27172,0.22769,0.26169,0.29178,0.4693,0.30707,0.61569,7.4733,0.010159492,0.000909805,0.072550774,0.276224136,0.004994392,0.16759491,0.273699761,0.016201973,0.058449745,0.00001,0.006303787,0.00001,0.081036568,0.00022316,0.00001,0.000283241,0.00001,0.00001,0.00001,0.00001,0.00001,0.00001,0.00001,0.00001,0.00001,0.00001,0.00001,0.00001,0.00001,0.00001,0.028318404,0.00001
549,120.2710264,31.48654916,4.17,3.67,4.17,2.67,5.135373,0.71307683,3.056534,1.0580137,63.938,0.31614,0.27953,0.13761,0.2243,0.68383,0.27469,0.70588,7.0767,0.030635834,0.000681877,0.032058716,0.313178062,0.000031471,0.171067238,0.133428574,0.021943092,0.179888725,0.00001,0.008055687,0.00001,0.059797287,0.00001,0.000014305,0.000581741,0.00001,0.00001,0.000205994,0.00001,0.00001,0.00001,0.00001,0.00001,0.00001,0.00001,0.00001,0.00001,0.00001,0.00001,0.039982796,0.000415802
555,120.2722694,31.48561892,4.5,4.67,3.83,3.33,5.597743,0.8442759,3.1835325,0.89842796,49.913,0.31254,0.22138,0.23577,0.25039,0.6408,0.30137,0.57647,7.3416,0.032322884,0.005204201,0.006487846,0.180552483,0.00001,0.354160309,0.252833367,0.018618584,0.059969902,0.003605843,0.00787735,0.00001,0.024224281,0.000015259,0.000209808,0.000198364,0.00146389,0.00001,0.00001,0.000655174,0.00001,0.000599861,0.001470566,0.00001,0.004045486,0.00001,0.00001,0.00001,0.00001,0.00001,0.03821659,0.00723362
559,120.2640536,31.48650077,4.33,4.17,3.67,3.17,5.7426167,0.74072176,3.3692029,1.051959,59.716,0.26775,0.23311,0.15499,0.21544,0.7192,0.28074,0.59608,7.1648,0.028917313,0.001202583,0.016036988,0.121342659,0.00001,0.386234283,0.228597641,0.038282394,0.04186821,0.000062943,0.035658836,0.00001,0.062500954,0.002526283,0.00001,0.00001,0.001479149,0.00001,0.00001,0.00001,0.00001,0.000005722,0.000058174,0.00001,0.00001,0.00001,0.00001,0.00001,0.00001,0.00001,0.034882545,0.00001
565,120.2645099,31.48649741,4.5,4.83,3.83,3.17,8.446238,0.89098966,3.280749,0.9554125,94.289,0.18793,0.14317,0.33606,0.26946,0.59077,0.29689,0.57647,7.5651,0.007457733,0.005923271,0.016700745,0.03776741,0.026173592,0.465971947,0.148528099,0.067731857,0.050933838,0.00001,0.06325531,0.00001,0.030181885,0.000235558,0.00001,0.000005722,0.000386238,0.00001,0.000009537,0.00001,0.00001,0.00001,0.000011444,0.00001,0.00001,0.00001,0.00001,0.00001,0.00001,0.00001,0.066754341,0.011849403
569,120.2651351,31.48649686,3.33,4.67,5,3.33,4.949492,0.72957337,2.273529,0.8008508,88.342,0.21473,0.19909,0.24193,0.26387,0.55001,0.29195,0.52549,7.7634,0.025527954,0.002131462,0.018069267,0.376037598,0.00001049,0.119971275,0.315338135,0.004693031,0.014312744,0.00001,0.008480072,0.00001,0.064963341,0.000657082,0.00001,0.000658989,0.00001,0.00001,0.00001,0.00733757,0.00001,0.000012398,0.00056839,0.00001,0.007342339,0.00001,0.00001,0.00001,0.00001,0.00001,0.031563759,0.00001
575,120.2659837,31.4862654,3.17,4.33,4.33,3.17,6.9650297,0.7746298,3.6072254,1.4654615,97.667,0.21836,0.1594,0.30365,0.24348,0.45688,0.26069,0.49412,7.8256,0.012639999,0.001016617,0.136559486,0.298668861,0.00001,0.085729599,0.317312241,0.00423336,0.097430229,0.00043869,0.004418373,0.000425339,0.012059212,0.00001,0.00001,0.000003815,0.00001,0.00001,0.00001,0.00001,0.00001,0.000001907,0.000003815,0.00001,0.00001,0.00001,0.00001,0.00001,0.000003815,0.00001,0.022606849,0.00001
579,120.2669237,31.48643789,4.17,4.33,4.17,3.33,5.9924626,0.7917952,3.475196,1.4014794,89.222,0.20476,0.14305,0.33844,0.27416,0.41675,0.27473,0.47843,7.8025,0.016625404,0.001870155,0.036287308,0.331886292,0.00001,0.143410683,0.342515945,0.036582947,0.027681351,0.00001,0.008264542,0.00001,0.016654968,0.000358582,0.000076294,0.002640724,0.00001049,0.00001,0.00001,0.00001,0.00001,0.001531601,0.000245094,0.00001,0.00001,0.00001,0.00001,0.00001,0.000094414,0.00001,0.033232689,0.000030518
585,120.2677571,31.48642013,2.83,2.83,2.83,2.67,6.9993896,0.7837032,3.791523,1.2288889,57.191,0.31099,0.23242,0.21705,0.26151,0.59278,0.3117,0.48627,7.5626,0.057085037,0.024484634,0.129301071,0.235909462,0.00001,0.167722702,0.184503555,0.070469856,0.012072563,0.000115395,0.008112907,0.00001,0.066082001,0.0008564,0.002420425,0.001631737,0.00001,0.00001,0.00001,0.00001,0.00001,0.00001,0.00001,0.00001,0.00001,0.00001,0.00001,0.00001,0.00001,0.00001,0.035634041,0.003116608
589,120.2697489,31.48653837,3,3.33,3.5,3,8.188657,0.7838316,2.986536,1.262858,70.633,0.27239,0.25795,0.22026,0.25169,0.5519,0.29735,0.56078,7.8926,0.01044178,0.002519608,0.10312748,0.177822113,0.013008118,0.267006874,0.162443161,0.044481277,0.083442688,0.000001907,0.012907028,0.00001,0.004117966,0.00352478,0.00001,0.001000404,0.00001,0.00001,0.00001,0.00001,0.00001,0.00001,0.00001,0.00001,0.00001,0.00001,0.00001,0.00001,0.00001,0.00001,0.10979271,0.000926971
595,120.2712172,31.48623305,4,3.67,4,2.83,5.1674104,0.7331644,2.0856397,0.86521524,43.195,0.29661,0.29682,0.11744,0.19995,0.74432,0.25368,0.57255,6.65,0.028104782,0.00057888,0.005048752,0.314367294,0.00001,0.232453346,0.27041626,0.043995857,0.063538551,0.00001,0.009537697,0.00001,0.000935555,0.000077248,0.00001,0.000879288,0.00001,0.00001,0.00001,0.00001,0.00067997,0.000378609,0.00001,0.00001,0.00001,0.00001,0.00001,0.00001,0.00001,0.00001,0.027077675,0.00001
597,120.2710442,31.485692,1,2,1.67,1.33,7.43443,0.84300065,4.0098057,1.2693148,107.238,0.35503,0.27322,0.17397,0.2451,0.54444,0.29069,0.63137,7.5227,0.011440277,0.001279831,0.457589149,0.117089272,0.040216446,0.028639793,0.220717431,0.005393982,0.0795784,0.000285149,0.000500679,0.000679016,0.000869751,0.000663757,0.000868797,0.00001,0.00001,0.00001,0.00001,0.00001,0.00001,0.00001,0.00001,0.00001,0.00001,0.00001,0.00001,0.00001,0.00001,0.00001,0.023637772,0.00001
605,120.2719155,31.48527067,3.33,3.17,3.83,3.17,7.2197814,0.7587946,2.7136052,1.106375,89.621,0.21704,0.13638,0.37995,0.28525,0.35835,0.24766,0.45882,7.6378,0.011320114,0.00001,0.13676548,0.196824074,0.00001,0.178775787,0.260268211,0.054841995,0.087826729,0.00001,0.000150681,0.00001,0.040313721,0.001106262,0.00001,0.000234604,0.00001,0.00001,0.00001,0.00001,0.00001,0.000014305,0.000015259,0.00001,0.00001,0.00001,0.00001,0.00001,0.00001,0.00001,0.031542778,0.00001
607,120.2715921,31.48571498,3.67,2.67,3.17,3.17,5.5388494,0.7335997,2.4159102,0.80728304,81.651,0.20848,0.16749,0.27533,0.29483,0.52448,0.28936,0.49412,7.7872,0.01834774,0.000409126,0.055193901,0.143800735,0.001761436,0.352478027,0.108701706,0.067557335,0.031830788,0.00001,0.176996231,0.00001,0.024346352,0.000020981,0.00001,0.000092506,0.00001,0.00001,0.00001,0.000349998,0.00001,0.00001,0.000139236,0.00001,0.00001,0.00001,0.00001,0.00001,0.00001,0.00001,0.017224311,0.00038147
615,120.2640297,31.485498,3.33,3.33,3.33,3.67,5.4250164,0.8958933,3.4207065,1.023513,61.582,0.43767,0.28668,0.13755,0.23243,0.60998,0.29693,0.67451,7.178,0.081645012,0.001292229,0.186784744,0.207732201,0.00001,0.132915497,0.125805855,0.033806801,0.037682533,0.007793427,0.037136078,0.00001,0.083527565,0.00045681,0.000263214,0.000778198,0.000208855,0.00001,0.00001,0.001635551,0.000271797,0.000034332,0.00001,0.00001,0.00001,0.00001,0.000012398,0.030869484,0.00001,0.00001,0.02924347,0.00001
617,120.2639927,31.48491071,2.83,3.83,3.5,3.83,6.959812,0.9145946,4.0448246,1.2958044,63.849,0.26711,0.24282,0.20504,0.26603,0.56961,0.31388,0.6549,7.1854,0.105240822,0.00001049,0.133124352,0.27042675,0.000252724,0.12057209,0.107562066,0.001192093,0.177453995,0.000000954,0.003469467,0.00001,0.027393341,0.000080109,0.00001,0.00001,0.00001,0.00001,0.00001,0.000003815,0.00001,0.00001,0.00001,0.00001,0.00001,0.00001,0.00001,0.004413605,0.00001,0.00001,0.040747642,0.000044823
625,120.2653377,31.48570442,3.17,2.67,2.67,3,6.15854,0.70823497,2.8902028,0.9408166,76.651,0.35949,0.28936,0.17271,0.24977,0.58917,0.28571,0.67451,7.3462,0.011392593,0.012938499,0.179855346,0.164707184,0.001203537,0.244242668,0.085585594,0.110477448,0.028982162,0.000023842,0.040755272,0.00001,0.021836281,0.000020027,0.000114441,0.00001,0.004969597,0.00001,0.00001,0.00001,0.00001,0.000000954,0.00026989,0.00001,0.00001,0.00001,0.00001,0.00001,0.00001,0.00001,0.069327354,0.023086548
627,120.2653912,31.48545305,4.83,4.33,4.5,4.83,5.9034963,0.7578111,3.4866471,1.247485,59.109,0.20232,0.19595,0.2343,0.25867,0.59388,0.30487,0.5451,7.3355,0.076235771,0.011037827,0.028711319,0.291481018,0.000143051,0.184594154,0.202581405,0.016793251,0.070801735,0.000971794,0.034183502,0.00001,0.03195858,0.00150013,0.00001,0.001873016,0.002308846,0.00001,0.001968384,0.005601883,0.00001,0.000011444,0.00001,0.00001,0.000041962,0.00001,0.00001,0.00001,0.00001,0.00001,0.033384323,0.00001
635,120.2669568,31.48540856,4.33,4.33,3.67,3.83,7.381893,0.79992944,3.577026,1.1667103,71.501,0.2247,0.17436,0.33477,0.3025,0.48964,0.31922,0.5451,7.5486,0.057425499,0.000391006,0.168544769,0.149049759,0.00001,0.22681427,0.080638886,0.034932137,0.191589355,0.000004768,0.00001,0.00001,0.023819923,0.00001,0.00001,0.005108833,0.00001,0.00001,0.00001,0.00001,0.00001,0.00001,0.00001,0.00001,0.000014305,0.00001,0.00001,0.00001,0.00001,0.00001,0.060150147,0.00001
637,120.2686116,31.4859286,4,4.33,4,4,8.266781,0.72382087,3.1145089,1.1113335,53.653,0.19919,0.15762,0.31571,0.28581,0.53968,0.31838,0.52157,7.5588,0.0195961,0.00329113,0.033696175,0.227020264,0.00001,0.246795654,0.351260185,0.020756721,0.0333395,0.00001,0.00113678,0.00001,0.020769119,0.0004673,0.000494957,0.003399849,0.000001907,0.00001,0.000084877,0.00001,0.00001,0.000382423,0.000127792,0.00001,0.00001,0.00001,0.00001,0.00001,0.00001,0.000041962,0.037323952,0.00001
645,120.2691874,31.48583958,2.17,4,3,2.5,7.345671,0.801834,3.752784,1.3096665,34.464,0.2256,0.23168,0.098097,0.10749,0.74735,0.22842,0.6,7.434,0.004734039,0.008367538,0.201786041,0.133611679,0.003174782,0.258213043,0.264196395,0.008672714,0.060573578,0.00001,0.031484604,0.00001,0.00217247,0.00001,0.000038147,0.00001,0.000008583,0.00001,0.002286911,0.00001,0.00001,0.00001,0.000342369,0.00001,0.00001,0.00001,0.00001,0.00001,0.00001,0.00001,0.019474984,0.000000954
647,120.2697955,31.48584521,3.33,5.33,4.5,3.33,5.863843,0.75439274,2.765658,1.019078,61.795,0.27785,0.24048,0.23733,0.28738,0.48737,0.29958,0.47451,7.556,0.00809288,0.002427101,0.036505699,0.160316467,0.00001,0.309224129,0.349471093,0.011816978,0.046328545,0.001353264,0.004332542,0.00001,0.040995598,0.000152588,0.00001,0.000309944,0.00001,0.00001,0.00001,0.00001,0.00001,0.000016212,0.000161171,0.00001,0.00001,0.00001,0.00001,0.00001,0.00001,0.00001,0.027928352,0.00001
655,120.2712494,31.48529636,2.5,5.67,4.83,3.83,5.405736,0.74183315,3.1671705,1.3168365,100.299,0.19133,0.11302,0.35529,0.27344,0.43731,0.24452,0.41961,7.7853,0.023844719,0.002176285,0.009496689,0.342752457,0.00001,0.158114433,0.317864418,0.025993347,0.006047249,0.00001,0.000023842,0.000875473,0.062525749,0.000256538,0.00001,0.00001,0.00001,0.00001,0.000387192,0.00001,0.00001,0.00001,0.00001,0.00001,0.002566338,0.00001,0.00001,0.00001,0.00001,0.00001,0.040501595,0.006573677
657,120.271439,31.48542863,1.5,3,2.67,1.83,5.7262764,0.72755075,3.379885,1.3034863,79.288,0.26387,0.22397,0.21543,0.24385,0.54893,0.29726,0.45882,7.848,0.083235741,0.00001,0.171070099,0.295377731,0.000537872,0.047887802,0.154578208,0.087910652,0.093668938,0.00001,0.024104118,0.005543709,0.002025605,0.001356125,0.00001,0.002202988,0.00001,0.00001,0.00001,0.00001,0.00001,0.00001,0.00001,0.00001,0.00001,0.00001,0.00001,0.00001,0.00001,0.00001,0.006323814,0.00001
665,120.2689618,31.48471611,3.17,4.67,3.83,3.17,5.1866646,0.7903072,2.7356484,0.8403413,49.728,0.23638,0.20302,0.31296,0.29518,0.45503,0.32627,0.46667,7.5149,0.011247635,0.005540848,0.000004768,0.238622665,0.00001,0.299963951,0.349151611,0.00479126,0.030857086,0.00001,0.033779144,0.00001,0.006793022,0.001663208,0.00001,0.00001,0.00001,0.00001,0.00001,0.00001,0.00001,0.000025749,0.000019073,0.00001,0.00001,0.00001,0.00001,0.00001,0.00001,0.00001,0.017539978,0.00001
667,120.2696588,31.48472576,3.17,4.67,3.83,3,5.2168646,0.803423,2.7341843,0.9542436,65.341,0.20655,0.16015,0.36266,0.2892,0.39301,0.30544,0.43922,7.5784,0.005184174,0.00168705,0.00001,0.208688736,0.00001,0.326684952,0.34532547,0.010160446,0.027645111,0.00001,0.047422409,0.000945091,0.002646446,0.00116539,0.00001,0.00001,0.00001,0.00001,0.00001,0.00001,0.00001,0.000464439,0.000600815,0.00001,0.00001,0.00001,0.00001,0.00001,0.00001,0.00001,0.018508911,0.00001
675,120.270809,31.48452527,3.67,4.17,2.67,3.17,5.4384594,0.79617506,1.8415673,0.800351,78.755,0.28247,0.23785,0.25197,0.28683,0.40487,0.29359,0.57647,7.531,0.025951385,0.001150131,0.174515724,0.052523613,0.010640144,0.236405373,0.056168556,0.060771942,0.029405594,0.00001,0.082742691,0.00001,0.251032829,0.00001,0.000021935,0.00001,0.00001,0.00001,0.00001,0.001420021,0.00001,0.00001,0.00001,0.00001,0.000444412,0.00001,0.00001,0.00001,0.00001,0.00001,0.014129638,0.000417709
677,120.2708178,31.48501105,4.67,4.5,4.33,4.33,5.6987505,0.8121785,3.267544,1.0106996,97.36,0.20152,0.15784,0.29013,0.24288,0.44151,0.25862,0.4902,7.7035,0.082673073,0.018268585,0.010305405,0.086930275,0.003598213,0.397659302,0.238070488,0.048778534,0.029138565,0.0001297,0.001630783,0.00001,0.005623817,0.021065712,0.000068665,0.000616074,0.006717682,0.00001,0.000301361,0.00001,0.00001,0.001478195,0.001543999,0.00001,0.002303123,0.00001,0.00001,0.00001,0.00001,0.000062943,0.034705162,0.001290321
685,120.2722381,31.48465811,3.17,4.67,4.5,4.17,5.019009,0.8692712,2.222224,0.68973756,53.719,0.34516,0.2612,0.19374,0.27178,0.55898,0.30262,0.6549,7.1758,0.037981987,0.015318871,0.018883705,0.339773178,0.001262665,0.160443306,0.087168693,0.011313438,0.207794189,0.000906944,0.048672676,0.00001,0.030708313,0.00001,0.01099205,0.00242424,0.000012398,0.00001,0.00001,0.00032711,0.00001,0.000013351,0.000025749,0.00001,0.00001,0.00001,0.00001,0.006854057,0.00001,0.00005722,0.00906086,0.000001907
687,120.2638103,31.48383097,4.5,4.5,3.67,3.67,5.0959725,0.8638911,2.8970752,0.7389186,99.031,0.2065,0.17982,0.2507,0.24757,0.54918,0.27107,0.5098,7.7459,0.017320633,0.009402275,0.006341934,0.077937126,0.000005722,0.433972359,0.24183464,0.012784004,0.086661339,0.001558304,0.014709473,0.00001,0.054224014,0.001677513,0.002664566,0.00001,0.00001,0.00001,0.001151085,0.00001,0.00001,0.00008297,0.001461983,0.00001,0.000328064,0.00001,0.00001,0.00001,0.00001,0.00001,0.035155296,0.000607491
695,120.2630486,31.48398247,4.33,4.33,4,3.67,6.3182564,0.7072622,3.3900204,1.4083015,98.22,0.18775,0.12713,0.27728,0.25996,0.55999,0.26775,0.49804,7.8063,0.037138939,0.013887405,0.076159477,0.275030136,0.00001,0.163709641,0.166365623,0.137512207,0.004284859,0.00001,0.00001,0.00001,0.080980301,0.003172874,0.00001,0.001976013,0.001404762,0.00001,0.00001,0.00001,0.00001,0.000279427,0.000050545,0.00001,0.00001,0.00001,0.00001,0.00001,0.000055313,0.00001,0.037289619,0.00001
697,120.2623141,31.48399374,5.17,4.5,3.67,4.17,5.9699497,0.76448834,3.2636223,1.1290886,55.356,0.327,0.26374,0.1831,0.24837,0.54642,0.29458,0.52157,7.4338,0.010706902,0.000004768,0.167942047,0.200741768,0.00001,0.154776574,0.164576531,0.149744034,0.002604485,0.001638412,0.000103951,0.000001907,0.111278534,0.000019073,0.00001,0.001159668,0.00001,0.00001,0.00001,0.00103569,0.00001,0.000258446,0.000037193,0.00001,0.00001,0.00001,0.00001,0.00001,0.00001,0.00001,0.033366203,0.00001
705,120.2681546,31.48344259,4.17,3.83,4,3.5,5.2337074,0.77790177,2.4606063,1.0013231,49.231,0.30622,0.23225,0.19725,0.23821,0.67716,0.28521,0.50588,7.7403,0.059868813,0.004268646,0.018162727,0.186722755,0.00001,0.325894356,0.237473488,0.03405571,0.044267654,0.00001,0.012473106,0.00001,0.037959099,0.000374794,0.00001,0.003388405,0.00001,0.00001,0.00001,0.00001,0.00001,0.000009537,0.001199722,0.00001,0.00001,0.00001,0.00001,0.00001,0.00001,0.000095367,0.033772469,0.00001
707,120.2686425,31.48335656,3.5,4.17,4.33,3.5,5.6527734,0.8007188,3.2915308,1.1358953,52.668,0.2847,0.23825,0.14282,0.16974,0.76887,0.24054,0.61176,7.3409,0.038010597,0.0038414,0.006673813,0.339756966,0.00001,0.174764633,0.317522049,0.002587318,0.036940575,0.00001,0.027590752,0.00001,0.010829926,0.00489521,0.00001,0.000014305,0.00001,0.00001,0.00001,0.00001,0.00001,0.00001,0.00001,0.00001,0.00001,0.00001,0.00001,0.00001,0.00001,0.00001,0.035897255,0.00001
715,120.2677992,31.48295981,2.5,4.33,4.5,3.5,5.7380433,0.7612959,3.105885,1.4101312,34.574,0.47021,0.30336,0.077175,0.15186,0.72216,0.26354,0.71765,6.6679,0.040524483,0.002132416,0.13720417,0.297341347,0.00001,0.053649902,0.382718086,0.003557205,0.033143044,0.000514984,0.005888939,0.001836777,0.00611496,0.00001,0.00001,0.000000954,0.00243187,0.00001,0.000203133,0.00001,0.00001,0.000020981,0.000000954,0.00001,0.00001,0.00001,0.00001,0.00001,0.00001,0.00001,0.027173042,0.005322456
717,120.2681733,31.48244739,3.83,3.83,3.17,3.33,5.5084686,0.7352448,2.7685378,0.85344493,109.582,0.20619,0.14893,0.2837,0.26069,0.45027,0.2352,0.51765,7.7083,0.036119461,0.003928185,0.041602135,0.11216259,0.00001,0.371188164,0.173996925,0.206488609,0.000165939,0.00001,0.003645897,0.00001,0.009896278,0.004720688,0.00001,0.001131058,0.00001,0.00001,0.000006676,0.00001,0.00001,0.000192642,0.000086784,0.00001,0.000023842,0.00001,0.00001,0.00001,0.00001,0.00001,0.034574509,0.000065804
725,120.2703884,31.48405262,3.5,4.5,4.17,4.33,7.781822,0.7686696,3.8328278,1.3519775,120.721,0.22374,0.14607,0.41914,0.30183,0.56352,0.28284,0.52549,7.8731,0.038171768,0.004894257,0.16311264,0.249814034,0.003752708,0.0887537,0.268553734,0.013887405,0.071504593,0.009320259,0.000000954,0.00001,0.005900383,0.003136635,0.00001,0.000229836,0.00001,0.00001,0.00001,0.00001,0.00001,0.000031471,0.00001,0.00001,0.00001,0.00001,0.00001,0.011888504,0.00003624,0.00001,0.065004349,0.00001
727,120.2708196,31.4840373,3.5,3.83,4,4.5,5.5918283,0.8036217,2.7922816,1.0381943,96.618,0.2067,0.12786,0.3758,0.2713,0.47387,0.29413,0.50588,7.8217,0.010670662,0.007928848,0.01506424,0.160676956,0.000002861,0.329501152,0.321741104,0.001951218,0.064671516,0.000905037,0.008777618,0.00001,0.020475388,0.000961304,0.00001,0.000033379,0.00001,0.00001,0.00001,0.000143051,0.00001,0.000214577,0.000552177,0.00001,0.00001,0.00001,0.00001,0.000656128,0.00001,0.00001,0.055072784,0.00001
735,120.2712551,31.48426674,2.5,3.5,3.83,3.67,5.514164,0.7712585,3.1512892,0.9618608,103.835,0.2031,0.15983,0.30952,0.26334,0.61508,0.26232,0.61176,7.5024,0.050365448,0.001203537,0.02362442,0.356334686,0.012300491,0.153183937,0.136332512,0.020085335,0.110741615,0.000063896,0.00730896,0.00001,0.017090797,0.000000954,0.00001,0.004861832,0.000039101,0.00001,0.00001,0.001536369,0.000035286,0.000163078,0.000360489,0.00001,0.00001,0.00001,0.00001,0.00962162,0.00001,0.000418663,0.056816102,0.000016212
737,120.2721261,31.4842813,2.5,4.17,4.33,3.5,5.3043027,0.78560656,2.8144252,1.1701772,71.742,0.20401,0.19541,0.18633,0.22316,0.74026,0.24722,0.60784,7.2302,0.024326324,0.008905411,0.029610634,0.385402679,0.000022888,0.116526604,0.22672081,0.110470772,0.036952972,0.00001,0.000004768,0.00001,0.010773659,0.006949425,0.00001,0.00001,0.00001,0.00001,0.000007629,0.00001,0.002082825,0.000264168,0.00001,0.00001,0.00001,0.00001,0.00001,0.00001,0.00001,0.00001,0.040978431,0.00001
745,120.2726924,31.48401016,3,4.33,4,4.5,5.554483,0.72235733,3.2772362,1.2937757,55.894,0.32434,0.2947,0.11597,0.18317,0.6286,0.26094,0.50196,7.3551,0.01113987,0.00071907,0.029712677,0.283308983,0.00001,0.184481621,0.363173485,0.017307281,0.030254364,0.002210617,0.027380943,0.00001,0.012695313,0.000108719,0.006943703,0.000701904,0.000204086,0.00001,0.00001,0.00001,0.00001,0.000415802,0.0001688,0.00001,0.00001,0.00001,0.00001,0.00001,0.00001,0.00001,0.026227951,0.00001
747,120.2716321,31.48369869,4,4.33,4.67,4,5.073724,0.76476127,2.38974,0.85912216,83.542,0.29165,0.24746,0.22626,0.26862,0.64022,0.28124,0.58431,7.417,0.03190136,0.00001,0.013212204,0.297290802,0.00001,0.189460754,0.372059822,0.031357765,0.02184391,0.000208855,0.000024796,0.00001,0.001669884,0.000739098,0.00001,0.00096035,0.00001,0.00001,0.00001,0.00001,0.00001,0.001254082,0.001695633,0.00001,0.00001,0.00001,0.00001,0.00001,0.00001,0.00001,0.02958107,0.00001
755,120.2710945,31.48316205,3.67,4.33,4.17,4.83,5.2383685,0.9557028,2.679527,0.8810939,51.575,0.2503,0.32732,0.058883,0.10165,0.75232,0.20924,0.76078,6.7586,0.009939194,0.0031147,0.052911758,0.325539589,0.003925323,0.156838417,0.35647583,0.004361153,0.029568672,0.000076294,0.000229836,0.000104904,0.019274712,0.000048637,0.00001,0.000577927,0.00001,0.00001,0.00001,0.00001,0.00001,0.001317978,0.000511169,0.00001,0.00001,0.00001,0.00001,0.001087189,0.000026703,0.00001,0.033463478,0.00001
757,120.2716371,31.48305673,3.67,3.33,3,4.33,5.3088927,0.7684659,2.3029308,0.8854141,71.843,0.25,0.21849,0.23532,0.26599,0.5875,0.30316,0.50588,7.4744,0.072997093,0.000340462,0.064300537,0.240620613,0.000274658,0.220584869,0.22709465,0.128965378,0.005395889,0.00001,0.00290966,0.00001,0.002099037,0.000143051,0.00001,0.00001,0.00001,0.00001,0.00001,0.00001,0.00001,0.000527382,0.000162125,0.00001,0.00001,0.00001,0.00001,0.00001,0.00001,0.00001,0.033426285,0.00001
765,120.2619571,31.48297654,4.17,4.67,4.83,4.17,5.3030014,0.66115344,2.370533,0.9668841,42.815,0.44556,0.2909,0.13683,0.23303,0.67812,0.27932,0.71373,6.8524,0.137645721,0.008787155,0.153170585,0.294001579,0.00001,0.073671341,0.17598629,0.085080147,0.003465652,0.000715256,0.004993439,0.00001,0.025233269,0.00490284,0.00001,0.000648499,0.00001,0.00001,0.00001,0.00255394,0.00001,0.00001,0.00001,0.00001,0.00001,0.00001,0.00001,0.00001,0.00001,0.00001,0.029144287,0.00001
767,120.262787,31.48296871,4.67,5,5.5,4,9.017807,0.7125877,3.0419648,1.319344,126.067,0.19064,0.12252,0.26483,0.24677,0.51456,0.23294,0.50196,7.7505,0.104659081,0.021657944,0.182963371,0.264564514,0.00001,0.072075844,0.207259178,0.03608036,0.0141716,0.003537178,0.013044357,0.00001,0.020436287,0.000051498,0.00001,0.00001,0.00001,0.00001,0.000029564,0.00001,0.00001,0.00001,0.00001,0.00001,0.00001,0.00001,0.00001,0.017101288,0.00001,0.00001,0.041435242,0.000029564
775,120.2632468,31.4828269,4.17,5.17,5.17,4.33,5.991811,0.79632676,3.3725426,1.143318,109.037,0.19782,0.13055,0.32482,0.25955,0.52466,0.24807,0.46667,7.7248,0.045706749,0.002293587,0.059484482,0.232305527,0.005384445,0.200759888,0.191423416,0.069704056,0.114852905,0.00001,0.006233215,0.00001,0.026516914,0.00001,0.00001,0.00030899,0.00001,0.00001,0.00001,0.000207901,0.000751495,0.001062393,0.000052452,0.00001,0.000124931,0.00001,0.00001,0.00001,0.004401207,0.002227783,0.028802872,0.00001
777,120.2635376,31.48231996,5.17,5,4.67,4.33,6.4316425,0.7557092,2.8787067,1.0934358,62.021,0.221,0.18556,0.21196,0.25016,0.63164,0.27792,0.52157,7.4464,0.022891998,0.00001,0.060286521,0.136490822,0.00001,0.311408043,0.261771202,0.043794632,0.048605919,0.000003815,0.034028053,0.00001,0.007998466,0.01548481,0.002759933,0.000043869,0.001001358,0.00001,0.000009537,0.00001,0.00001,0.00006485,0.000403404,0.00001,0.006724358,0.00001,0.00001,0.00001,0.00001,0.00001,0.034018516,0.006279946
785,120.2655459,31.48257222,2.67,4.5,4.67,3.83,5.209213,0.74367374,3.1480112,1.1322628,79.089,0.28864,0.26619,0.22304,0.28461,0.50661,0.289,0.62353,7.5532,0.02611351,0.000844955,0.038072586,0.367791176,0.00001,0.10052681,0.355928421,0.031155586,0.022159576,0.001775742,0.000967979,0.00001,0.00236702,0.003093719,0.00001,0.004240036,0.00001,0.00001,0.00001,0.000061035,0.00001,0.000006676,0.000063896,0.00001,0.00001,0.00001,0.00001,0.000355721,0.000011444,0.00001,0.043811798,0.00001
787,120.265736,31.48226836,4,4.83,4.17,4.33,6.4226108,0.8320546,2.8640432,1.0082358,71.689,0.30911,0.28554,0.19982,0.27424,0.53225,0.30179,0.63529,7.387,0.043397903,0.00193882,0.032597542,0.362753868,0.00001,0.127506256,0.340611458,0.000451088,0.023164749,0.003307343,0.000833511,0.002105713,0.003757477,0.01568222,0.00001,0.005139351,0.00001,0.00001,0.000007629,0.00001,0.00001,0.000645638,0.000650406,0.00001,0.00001,0.00001,0.00001,0.00001,0.000007629,0.00001,0.03475666,0.00001
795,120.2696881,31.48230056,3,4.17,4.17,3.5,6.645474,0.76758707,3.3915172,1.3161219,37.419,0.35225,0.27277,0.11488,0.19807,0.72583,0.26123,0.72549,6.9696,0.040131569,0.000041962,0.08206749,0.340620041,0.00001,0.078383446,0.196004868,0.070264816,0.10187912,0.00001,0.002619743,0.00001,0.018706322,0.003151894,0.00001,0.006300926,0.00001,0.00001,0.000003815,0.000159264,0.000009537,0.00001,0.00001,0.00001,0.000048637,0.00001,0.00001,0.00001,0.00083065,0.00211525,0.035536766,0.00001
797,120.2704706,31.48230194,3.17,4.5,4,3.33,5.6956177,0.7298059,2.9177475,1.4227204,42.509,0.32852,0.26125,0.14953,0.21403,0.68925,0.28805,0.69412,7.0276,0.018522263,0.019478798,0.103453636,0.341596603,0.00001,0.059955597,0.233860015,0.125002861,0.036361694,0.000321388,0.00001,0.000000954,0.009068489,0.002401352,0.000341415,0.000451088,0.000247002,0.00001,0.00001,0.001325607,0.00001,0.00001,0.00001,0.00001,0.000032425,0.00001,0.000267982,0.00001,0.00001,0.00001,0.042988777,0.000102043
805,120.2681958,31.48211236,2.83,4,4.17,3.17,5.43178,0.9055365,3.4765716,0.9240158,59.439,0.38373,0.27799,0.12419,0.19808,0.59805,0.29456,0.63922,7.114,0.020458221,0.001921654,0.034213066,0.458958626,0.00001,0.074539185,0.278707504,0.035843849,0.017981529,0.001947403,0.028886795,0.00001,0.011165619,0.000225067,0.002776146,0.000310898,0.00001,0.00001,0.00001,0.00001,0.00001,0.000250816,0.00001,0.00001,0.00001,0.00001,0.00001,0.00001,0.00001,0.00001,0.030612945,0.00001
807,120.2711707,31.48228979,2.17,2.83,3.17,2.67,6.619501,0.8905909,3.3454716,1.1947535,62.759,0.36593,0.27561,0.12834,0.20602,0.62674,0.28177,0.66667,7.1592,0.044967651,0.044687271,0.28098774,0.206790924,0.00042057,0.105186462,0.127589226,0.023831367,0.047375679,0.000199318,0.013964653,0.00001,0.056245804,0.005113602,0.000020981,0.003613472,0.00001,0.00001,0.000014305,0.000209808,0.00001,0.000002861,0.000128746,0.00001,0.00001,0.00001,0.00001,0.000657082,0.00001,0.005772591,0.025054932,0.00001
815,120.2707732,31.48157541,3.33,3.67,2.67,2.67,5.8485117,0.67594624,2.7416859,0.99497646,111.587,0.18701,0.14526,0.21783,0.23314,0.61439,0.23466,0.56078,7.6954,0.042585373,0.085873604,0.036214829,0.063408852,0.00001,0.399298668,0.082662583,0.05670166,0.028636932,0.00001,0.088711739,0.00001,0.044868469,0.009068489,0.00001,0.000249863,0.00001,0.00001,0.029519081,0.000002861,0.00001,0.000055313,0.000724792,0.000198364,0.00001,0.00001,0.00001,0.00001,0.00001,0.00001,0.026483536,0.000096321
817,120.2611916,31.48150131,3.17,3.33,3.17,2.5,5.259865,0.80493295,2.3946376,0.7258222,82.613,0.27886,0.21507,0.20417,0.22471,0.65795,0.26661,0.63137,7.5389,0.079601288,0.00203228,0.020252228,0.118997574,0.000944138,0.39703083,0.084629059,0.088634491,0.052900314,0.000012398,0.085805893,0.001184464,0.004927635,0.000328064,0.001403809,0.00001,0.00001,0.00001,0.00001,0.00001,0.00001,0.00001,0.000389099,0.00001,0.00001,0.00001,0.00001,0.00001,0.00001,0.00001,0.058506012,0.000185013
825,120.2625965,31.4815206,4.33,3.17,3.17,3.33,6.373538,0.7749884,2.3467467,0.75712854,84.931,0.32257,0.25207,0.15892,0.23471,0.59821,0.28466,0.6549,7.446,0.030332565,0.004813194,0.140720367,0.079738617,0.000027657,0.350384713,0.057258606,0.023739815,0.075670242,0.00001049,0.115386009,0.00001,0.096485138,0.000281334,0.00001,0.000078201,0.000025749,0.00001,0.00001,0.000015259,0.00001,0.000326157,0.00230217,0.00001,0.00001,0.00001,0.00001,0.00001,0.00001,0.000125885,0.013846398,0.002093315
827,120.2627051,31.48123182,4.17,4.5,3.67,4.17,5.433258,0.8035352,3.036388,1.0780095,86.711,0.35091,0.2651,0.14053,0.21359,0.62838,0.28562,0.64314,7.3209,0.025232315,0.016413689,0.097566605,0.283680916,0.000971794,0.155478477,0.195986747,0.139203072,0.018761635,0.00001,0.015336037,0.000098228,0.007597923,0.003827095,0.002699852,0.001868248,0.000001907,0.00001,0.00001,0.00001,0.00001,0.000450134,0.001893044,0.00001,0.00001,0.00001,0.00001,0.00001,0.00001,0.00001,0.03248024,0.000123024
835,120.2635555,31.48188397,3.83,3.83,3.83,3.17,5.101424,0.788793,2.3267167,0.9554979,85.124,0.4353,0.26922,0.061753,0.1023,0.75233,0.23943,0.7098,6.9707,0.050193787,0.00001,0.022644997,0.395922661,0.00001,0.053076744,0.230810165,0.137153625,0.00001,0.00001,0.003979683,0.000897408,0.009147644,0.011804581,0.00001,0.001918793,0.00001,0.00001,0.00001,0.00001,0.00001,0.000163078,0.00001,0.00001,0.00001,0.00001,0.00001,0.00001,0.00001,0.00001,0.033676147,0.00001
837,120.264366,31.48178504,3.83,4.33,4,3,5.764927,0.67573476,2.7201247,1.1912593,101.604,0.42288,0.27284,0.10488,0.18626,0.65093,0.27697,0.68627,7.1594,0.022813797,0.000635147,0.051214218,0.252749443,0.00001,0.204340935,0.375618935,0.004959106,0.012151718,0.00001,0.021391869,0.00001,0.013683319,0.00316143,0.00001,0.000011444,0.000187874,0.00001,0.00001,0.00001,0.00001,0.000001907,0.000154495,0.00001,0.00001,0.00001,0.00001,0.00001,0.00001,0.00001,0.033835412,0.00001
845,120.2686007,31.48177737,2.83,3.83,3.17,2.67,5.83498,0.7663414,3.3088026,1.1479995,102.468,0.22295,0.17277,0.2402,0.26973,0.55693,0.29309,0.6,7.6099,0.022979736,0.007884026,0.169878006,0.160648346,0.00001,0.188380242,0.190975189,0.14180088,0.005016327,0.00001,0.003048897,0.00001,0.020435333,0.036518097,0.00001,0.000396729,0.00001,0.00001,0.00001,0.00001,0.00001,0.000054359,0.000049591,0.002836227,0.00001,0.00001,0.00001,0.00001,0.00001,0.00001,0.033847809,0.00001
847,120.2612793,31.48090973,3.17,3.67,3.67,3,6.6687245,0.789224,3.4040287,1.3877813,56.593,0.34599,0.27687,0.12117,0.19333,0.7041,0.27086,0.70196,7.0117,0.033119202,0.001729965,0.070207596,0.195760727,0.00001,0.25539875,0.193604469,0.099439621,0.006885529,0.00001,0.042063713,0.000770569,0.035766602,0.005535126,0.00001,0.00028038,0.000078201,0.00001,0.00001,0.00001,0.000531197,0.001158714,0.000770569,0.00001,0.00001,0.00001,0.00001,0.00001,0.00001,0.00001,0.050174713,0.006611824
855,120.2632077,31.48061909,3.67,3.83,2.83,2.83,7.3511386,0.81965053,2.9706087,1.385952,55.098,0.35752,0.29138,0.16615,0.25496,0.60137,0.29905,0.67451,7.0885,0.00935936,0.000313759,0.088433266,0.153670311,0.00001,0.284878731,0.218821526,0.062391281,0.021956444,0.00001,0.09163475,0.013975143,0.016259193,0.001077652,0.000023842,0.00001,0.00001,0.00001,0.001804352,0.000123024,0.000136375,0.00001,0.000840187,0.00001,0.00001,0.00001,0.00001,0.00001,0.00001,0.00001,0.034297943,0.00001
857,120.2635972,31.48112035,4,4.17,3.33,2.5,4.966744,0.7726933,2.7276938,0.6470675,49.333,0.34066,0.28445,0.18067,0.27236,0.59858,0.30864,0.67843,7.0313,0.036543846,0.009831429,0.06840992,0.195967674,0.000274658,0.332702636,0.155861855,0.0374403,0.027003288,0.00001,0.055613518,0.000329971,0.028081894,0.003281593,0.007976532,0.00012207,0.00001,0.00001,0.000003815,0.000225067,0.00001,0.000100136,0.00001,0.00001,0.000061035,0.00001,0.00001,0.00001,0.00001,0.00001,0.033281326,0.004763603
865,120.2646153,31.48077819,3.83,3.83,3.83,3,5.615733,0.7581875,3.0465536,1.2971642,80.842,0.17647,0.11611,0.38984,0.27524,0.42195,0.26278,0.55686,7.5422,0.098338127,0.001840591,0.13570404,0.25056076,0.00001,0.110685348,0.116765022,0.167041779,0.007189751,0.00001,0.021373749,0.00001,0.050065041,0.004193306,0.00001,0.000003815,0.00001,0.00001,0.00001,0.000084877,0.00001,0.0013237,0.00001,0.00001,0.00001,0.00001,0.00001,0.00001,0.00001,0.00001,0.034830093,0.00001
867,120.2645871,31.48042918,1.67,2.83,1.67,1.17,8.830286,1.393972,2.8286815,0.893794,46.581,0.33303,0.26513,0.11004,0.18521,0.66505,0.27154,0.51765,7.3402,0.031744957,0.106387138,0.292919159,0.136183739,0.01793766,0.119076729,0.1159935,0.015936852,0.029099464,0.007002831,0.030685425,0.00001,0.038533211,0.009426117,0.000005722,0.000677109,0.00001,0.002624512,0.00001,0.00001,0.00001,0.000295639,0.001020432,0.00001,0.000000954,0.000208855,0.00001,0.000368118,0.00001,0.00001,0.000084877,0.027592659
875,120.2678798,31.48123374,2.33,4.17,3,2.5,6.063332,0.7660111,2.978605,0.8373566,63.359,0.3391,0.23813,0.18324,0.22673,0.52291,0.29844,0.45098,7.8681,0.080284119,0.001703262,0.209632874,0.146615982,0.001162529,0.208822251,0.153484344,0.001924515,0.02736187,0.00001,0.081435204,0.00001,0.019368172,0.011086464,0.00001,0.00001,0.00141716,0.00001,0.02013588,0.00001,0.00001,0.000333786,0.001436234,0.00001,0.000001907,0.00001,0.000002861,0.00001,0.00001,0.00001,0.033790588,0.00001
877,120.2660189,31.48077349,3.33,3.83,3.33,3.33,6.2182097,0.7851558,3.153238,1.3238672,107.555,0.20109,0.12729,0.40069,0.28079,0.4845,0.30038,0.50196,7.782,0.102445602,0.008155823,0.094492912,0.225218773,0.00001,0.228031158,0.125437736,0.142478943,0.000609398,0.00001,0.001969337,0.00001,0.024419785,0.005176544,0.000656128,0.000040054,0.000239372,0.00001,0.00001,0.00001,0.004760742,0.000230789,0.000198364,0.00001,0.000255585,0.00001,0.00001,0.00001,0.00001,0.00001,0.034576416,0.000023842
885,120.2682628,31.4798672,2.67,3.5,3.5,2.67,5.3820124,0.7205539,2.5995717,0.9869536,82.049,0.20643,0.14159,0.36307,0.27552,0.4514,0.29242,0.50196,7.6698,0.109197617,0.019081116,0.107740402,0.360789299,0.00001,0.061359406,0.150662422,0.068043709,0.015028954,0.00001,0.009520531,0.024394036,0.03510952,0.001326561,0.00001,0.000437737,0.000003815,0.00001,0.00001,0.00001,0.00001,0.00001,0.00001,0.000001907,0.00001,0.00001,0.00001,0.00001,0.00001,0.00001,0.034404754,0.000001907
887,120.2690674,31.48122796,3.5,3.67,4,2.67,5.1845303,0.7558184,2.4553962,0.850656,80.016,0.24959,0.1832,0.31905,0.29084,0.53507,0.28587,0.51765,7.9329,0.077124596,0.018311501,0.031839371,0.392121315,0.001828194,0.056248665,0.135928154,0.124105453,0.001379013,0.00001,0.011163712,0.002792358,0.046783447,0.012454987,0.000007629,0.000455856,0.00001,0.00001,0.00001,0.00001,0.00001,0.000032425,0.000000954,0.00001,0.001423836,0.00001,0.00001,0.00001,0.00001,0.00001,0.034688949,0.000330925
895,120.270768,31.4806102,3,3.83,4.17,3.83,6.8930964,0.73873544,3.9011948,1.2911608,76.659,0.29331,0.21677,0.18563,0.19766,0.66634,0.25261,0.59216,7.6493,0.001272202,0.001296043,0.195690155,0.196761131,0.00001,0.131391525,0.380391121,0.001828194,0.023958206,0.000669479,0.011006355,0.00001,0.003638268,0.00001,0.00001,0.000242233,0.00001,0.00001,0.00001,0.00039959,0.00001,0.00001,0.000134468,0.00001,0.00001,0.00001,0.00001,0.00001,0.00001,0.00001,0.04788971,0.00001
897,120.2707657,31.48000002,2.67,2.5,2.5,2.33,7.168785,0.8455011,3.6915379,1.2971413,80.841,0.2764,0.20295,0.21004,0.24227,0.63916,0.25694,0.59216,7.7157,0.070867538,0.004135132,0.345588684,0.132320404,0.01432991,0.073251724,0.119403839,0.021596909,0.030290604,0.00001,0.059187889,0.00001,0.03110981,0.000051498,0.00001,0.000003815,0.00001,0.00001,0.00001,0.000012398,0.00001,0.00001,0.00001,0.00001,0.00001,0.00001,0.00001,0.00001,0.00001,0.00001,0.022688866,0.00001
905,120.2617637,31.48022892,2.67,3,2.83,2.67,5.7204638,0.8042801,3.212003,1.0483141,71.829,0.31571,0.235,0.1581,0.20785,0.73111,0.24177,0.7098,7.0387,0.061023712,0.003662109,0.177499771,0.168876648,0.00001,0.201436043,0.079987526,0.048902512,0.126009941,0.000000954,0.065564156,0.00001,0.042341232,0.000326157,0.000139236,0.000153542,0.00001,0.00001,0.00001,0.00244236,0.00001,0.000009537,0.000060081,0.00001,0.00001,0.00001,0.000364304,0.00020504,0.00001,0.00001,0.015816689,0.003143311
907,120.262079,31.48008429,2.67,2.83,3.33,3.33,6.654557,0.8207134,3.6365418,1.2744795,44.906,0.37421,0.27868,0.1708,0.23716,0.55403,0.30095,0.55294,7.5631,0.028259277,0.000715256,0.17622757,0.178577423,0.00001,0.180206299,0.183583259,0.047675133,0.085461617,0.000005722,0.044296265,0.000009537,0.004699707,0.000260353,0.002919197,0.000616074,0.010714531,0.00001,0.000009537,0.000136375,0.00001,0.00001,0.000171661,0.00001,0.00001,0.00001,0.00001,0.002408028,0.00001,0.00001,0.051085472,0.00001
915,120.2632378,31.48002301,3.83,4,3.83,4.17,5.4974103,0.81493264,2.9414182,0.97764164,52.665,0.34294,0.2451,0.23744,0.27003,0.55904,0.31381,0.61176,7.4625,0.010176659,0.005036354,0.015049934,0.33413887,0.00001,0.157574654,0.31652832,0.052073479,0.049481392,0.00001,0.005606651,0.00001,0.012734413,0.001049995,0.00001,0.002162933,0.00001,0.00001,0.000108719,0.00001,0.000013351,0.000453949,0.000640869,0.00001,0.00001,0.00001,0.00001,0.00001,0.00001,0.00001,0.034304619,0.00001
917,120.2634085,31.47988511,4.33,5,4.5,4.33,4.9831424,0.73798645,2.8950694,0.78530484,82.578,0.25723,0.22323,0.20717,0.25388,0.58627,0.28088,0.64314,7.524,0.045686722,0.005800247,0.02340889,0.32749176,0.000277519,0.18854332,0.267409325,0.048439026,0.046931267,0.00001,0.002453804,0.00001,0.006687164,0.001279831,0.00001,0.000326157,0.00001,0.00001,0.00001,0.000026703,0.00001,0.000555992,0.000979424,0.00001,0.00001,0.00001,0.00001,0.00001,0.00001,0.00001,0.033680916,0.000020027
925,120.2617869,31.47926293,2.67,4.33,4,3.33,6.6127534,0.8422607,3.8933926,1.1886773,60.209,0.26936,0.22152,0.20601,0.25636,0.56522,0.30804,0.6,7.5829,0.001218796,0.000305176,0.204403877,0.214519501,0.00001,0.105817795,0.351857185,0.001564026,0.048707008,0.000236511,0.011055946,0.00001,0.015269279,0.000001907,0.000788689,0.00001,0.00001,0.00001,0.00001,0.00001812,0.00001,0.000014305,0.000118256,0.00001,0.00001,0.00001,0.00001,0.00001,0.00001,0.00001,0.043347359,0.00001
927,120.2619797,31.47855744,4.17,5,4.33,4,6.3035746,0.741681,3.2226663,1.3125792,70.125,0.2173,0.1918,0.27237,0.28521,0.5289,0.29569,0.53333,7.7782,0.011597633,0.000030518,0.072259903,0.198248863,0.00001,0.251732826,0.37143898,0.039286613,0.026592255,0.00001,0.000041962,0.00001,0.003937721,0.00001,0.00001,0.0002985,0.00001,0.00001,0.00001,0.00001,0.00001,0.000029564,0.000993729,0.00001,0.00001,0.00001,0.00001,0.00001,0.00001,0.00001,0.023505211,0.000005722
935,120.2631475,31.47710351,3.83,4.83,3.83,3.83,6.466363,0.80492485,3.4224029,1.1098225,86.065,0.21689,0.18086,0.235,0.25877,0.60331,0.27529,0.54118,7.5494,0.015835762,0.030479431,0.271710396,0.153835297,0.005023003,0.111495018,0.235674858,0.001367569,0.061057091,0.000368118,0.003247261,0.00001,0.074532509,0.00001,0.000030518,0.000236511,0.00001,0.00001,0.00001,0.00001,0.00001,0.00001,0.00001,0.00001,0.000000954,0.00001,0.00001,0.00001,0.00001,0.00001,0.033052445,0.000660897
937,120.2632479,31.47675254,2.83,3.33,3.33,3.33,8.002741,0.6962862,3.284702,1.3003827,45.362,0.20994,0.22856,0.23782,0.22519,0.37267,0.27824,0.47059,7.676,0.084214211,0.004342079,0.310193062,0.051687241,0.003574371,0.149597168,0.100254059,0.021569252,0.108628273,0.000492096,0.016259193,0.00001,0.056806564,0.00001,0.000527382,0.002537727,0.00001,0.00001,0.00001,0.000052452,0.000013351,0.00001,0.000005722,0.00001,0.000001907,0.00001,0.00001,0.058888435,0.00001,0.000344276,0.015907287,0.00001
945,120.2632737,31.47974721,4.33,4.67,5,4,5.0988536,0.79016477,2.9912522,0.9025104,78.015,0.43944,0.25806,0.12894,0.19344,0.58381,0.28914,0.63529,7.5491,0.155057907,0.005332947,0.008975029,0.315443993,0.002122879,0.20032692,0.210434914,0.012901306,0.035412788,0.000350952,0.000934601,0.00001,0.004052162,0.001501083,0.00001,0.000068665,0.00001,0.00001,0.001097679,0.000466347,0.000296593,0.000155449,0.000022888,0.00001,0.000416756,0.00001,0.00001,0.00001,0.00001,0.00001,0.036915779,0.007616997
947,120.2634067,31.47904555,4.5,4.83,5.17,3.5,4.9394064,0.784617,2.4453766,0.7947588,109.432,0.34565,0.2758,0.1401,0.22072,0.63623,0.27753,0.68235,7.2957,0.053395271,0.004641533,0.003922462,0.331316948,0.000003815,0.193947792,0.256403923,0.026181221,0.040323257,0.00457859,0.016701698,0.00001,0.005955696,0.00001,0.00138092,0.000163078,0.007018089,0.00001,0.00001,0.00001,0.001603127,0.000211716,0.000004768,0.00001,0.01085186,0.00001,0.00001,0.000014305,0.00001,0.00001,0.034438133,0.00189209
955,120.2658085,31.47988536,4.17,3.83,4,3,5.1681786,0.7236806,2.628426,0.7791676,94.824,0.21346,0.1348,0.33299,0.27328,0.40675,0.25704,0.43137,7.6545,0.047424316,0.007025719,0.0148983,0.16912365,0.00001,0.352458,0.155481338,0.094424248,0.015936852,0.006221771,0.044185638,0.00001,0.054035187,0.001880646,0.00001,0.00001812,0.00001,0.00001,0.00001,0.00001,0.00001,0.00001,0.00001,0.00001,0.00001,0.00001,0.00001,0.005962372,0.00001,0.00001,0.030923843,0.00001
957,120.2670588,31.47987808,4.5,4.83,4,3.17,5.0263195,0.73537517,2.5332067,0.67840165,51.798,0.35118,0.29273,0.16908,0.25328,0.56073,0.29806,0.47451,7.3251,0.09718132,0.002932549,0.002775192,0.252792358,0.00001,0.29825592,0.260325432,0.045033455,0.006480217,0.000004768,0.002165794,0.00001,0.000328064,0.00350666,0.00001,0.00009346,0.000011444,0.00001,0.000026703,0.00001,0.00001,0.000276566,0.001752853,0.00001,0.00001,0.00001,0.00001,0.00001,0.00001,0.00001,0.025844574,0.00001
965,120.2672189,31.47885698,4.33,5,3.83,3.83,5.61183,0.7627427,3.3292701,0.86575466,66.608,0.33336,0.24505,0.22508,0.26721,0.49102,0.30916,0.59608,7.6879,0.066137314,0.011699677,0.074887276,0.086855888,0.000040054,0.339652062,0.188148499,0.02395916,0.030306816,0.00185585,0.020013809,0.00001,0.053431511,0.000531197,0.007949829,0.00001,0.001782417,0.00001,0.000042915,0.005436897,0.00001,0.000015259,0.000007629,0.00001,0.006194115,0.00001,0.00001,0.00069809,0.00001,0.00001,0.067082405,0.007092476
967,120.2675758,31.47877337,3.17,3.5,3.83,2.83,6.6909304,0.7287817,3.697026,1.4052911,74.72,0.23136,0.20713,0.17889,0.22818,0.64066,0.24826,0.52941,7.5111,0.039017677,0.003209114,0.133198738,0.21826458,0.00001,0.176076889,0.298323631,0.014950752,0.034907341,0.000208855,0.009221077,0.000074387,0.027830124,0.000845909,0.00001,0.000985146,0.002700806,0.00001,0.00001,0.00001,0.00001,0.000795364,0.00118351,0.00001,0.00001,0.00001,0.00001,0.00001,0.000020981,0.00001,0.03818512,0.00001
975,120.2686575,31.47986508,4.17,4.17,3.67,3.33,5.3992167,0.75777227,2.8346977,0.9752445,74.667,0.29143,0.23237,0.18741,0.23519,0.64255,0.25699,0.53725,7.6472,0.16494751,0.001019478,0.056901932,0.209449768,0.00031662,0.280140877,0.162367821,0.016311646,0.01472187,0.00001,0.020323753,0.00001,0.041194916,0.000448227,0.00001,0.000019073,0.000328064,0.00001,0.001104355,0.00001,0.000081062,0.000247955,0.00001,0.00001,0.00001,0.00001,0.00001,0.00001,0.00001,0.00001,0.02976799,0.00001
977,120.2694469,31.47986083,4.83,3.5,3.83,3.5,4.903457,0.7069331,2.4979377,0.9044775,84.155,0.27861,0.23893,0.20448,0.25139,0.6115,0.289,0.65882,7.4167,0.057988167,0.00032711,0.003887177,0.141828537,0.000000954,0.387565613,0.145591736,0.060194969,0.051057816,0.000052452,0.073165894,0.00001,0.001667023,0.00502491,0.00200367,0.000060081,0.00001,0.00001,0.00001,0.00001,0.00001,0.000589371,0.001538277,0.00001,0.00001,0.00001,0.00001,0.010216713,0.00001,0.00001,0.056474685,0.000336647
985,120.2707477,31.47976253,3.5,4.17,4.17,3.5,6.5087514,0.80168426,3.4074538,1.5131303,60.614,0.27341,0.23157,0.21324,0.25024,0.52417,0.29419,0.4549,7.6571,0.057972908,0.010117531,0.093407631,0.341070175,0.00001,0.068734169,0.247781753,0.108236313,0.00222683,0.00001,0.008021355,0.000008583,0.001505852,0.02398777,0.00001,0.000356674,0.000000954,0.00001,0.00001,0.000110626,0.00001,0.000021935,0.00001,0.00001,0.00001,0.00001,0.00001,0.00001,0.00001,0.00001,0.034166336,0.002217292
987,120.2716969,31.47988011,2.67,5.17,4,4.33,5.284173,0.8211994,2.8263447,1.2189119,79.54,0.17422,0.15232,0.26211,0.24941,0.59458,0.29049,0.53725,7.6251,0.06881237,0.007120132,0.169452667,0.280888557,0.00001,0.058486939,0.276974678,0.048593521,0.036390305,0.000217438,0.001683235,0.00001,0.00105381,0.004914284,0.00001,0.00001,0.00001,0.00001,0.000009537,0.00001,0.00001,0.000099182,0.000000954,0.00001,0.00001,0.00001,0.00001,0.00001,0.00001,0.00001,0.03572464,0.00001
995,120.2717115,31.47768797,2.83,4.17,4.33,3.33,5.641489,0.8536818,2.6532128,1.1005398,71.602,0.2276,0.19224,0.22184,0.24976,0.60921,0.26769,0.55686,7.6311,0.021411896,0.000113487,0.034194946,0.34349823,0.00001,0.134415627,0.334597587,0.035489082,0.034339905,0.00001,0.023093224,0.001487732,0.003093719,0.000575066,0.00001,0.000201225,0.000355721,0.00001,0.00001,0.00001,0.00001,0.000481606,0.00001,0.00001,0.00001,0.00001,0.00001,0.00001,0.00001,0.00001,0.032207489,0.000443459
997,120.2642477,31.47904645,3.33,4.83,4.83,3.5,5.2115397,0.75083125,2.3280134,0.86820835,59.982,0.29284,0.22861,0.20845,0.24506,0.61442,0.27498,0.53725,7.6573,0.010390282,0.000013351,0.050951958,0.270386696,0.00001,0.184802055,0.386793137,0.022942543,0.027514458,0.00001,0.011754036,0.001300812,0.00636673,0.00001,0.00001,0.001254082,0.00001,0.00001,0.00001,0.00001,0.00001,0.000387192,0.000023842,0.00001,0.00001,0.00001,0.00001,0.00001,0.000151634,0.00001,0.024967194,0.00001
1007,120.2652509,31.4778736,2.17,3.17,3,2,5.0951886,0.79562247,2.6817126,0.7488162,49.286,0.40715,0.24715,0.17202,0.23587,0.47009,0.30897,0.58824,7.2733,0.148052216,0.011365891,0.010778428,0.406936646,0.00001,0.111932755,0.166310311,0.0042696,0.000337601,0.00001,0.01732254,0.00001,0.046167374,0.018800735,0.000940323,0.000777245,0.00001,0.00001,0.001893044,0.00001,0.00001,0.000136375,0.000090599,0.00001,0.000691414,0.00001,0.00001,0.00001,0.00001,0.00001,0.03440094,0.002470016
1017,120.2707812,31.47877146,1.83,2.5,2.5,1.5,7.892246,0.9246958,4.433072,1.3972144,63.836,0.24448,0.20234,0.20239,0.24961,0.60216,0.30423,0.51373,7.5057,0.071968079,0.003120422,0.070671082,0.357234955,0.002082825,0.085567474,0.244786263,0.018625259,0.084330559,0.00001,0.022055626,0.00001,0.01746273,0.000127792,0.00001,0.000641823,0.000184059,0.00001,0.00001,0.00001,0.000552177,0.000081062,0.00001,0.00001,0.00001,0.00001,0.00001,0.00001,0.00001,0.000000954,0.019654274,0.000054359
1027,120.26499,31.47783737,4,4.17,4.67,2.67,5.9767046,0.8155091,3.0908043,1.2708077,69.062,0.38616,0.25968,0.16232,0.23632,0.60423,0.30359,0.61569,7.5719,0.083798409,0.000377655,0.048643112,0.37462616,0.00001,0.10529232,0.26651764,0.027420044,0.003832817,0.00001,0.026825905,0.004874229,0.017186165,0.002397537,0.00001,0.000048637,0.00022316,0.00001,0.000432014,0.00001,0.00001,0.00001,0.000039101,0.00001,0.00001,0.00001,0.00001,0.00001,0.00001,0.00001,0.032259941,0.00001
1037,120.2654035,31.47702144,4.33,4.33,4.5,3.33,6.1884365,0.7899574,3.1027079,1.0124182,72.93,0.21673,0.17444,0.26557,0.28912,0.50864,0.29691,0.48235,7.7907,0.043041229,0.00074482,0.067661285,0.339492798,0.00001,0.097203255,0.325792313,0.010724068,0.033054352,0.000031471,0.019880295,0.000007629,0.017260551,0.002007484,0.000017166,0.003410339,0.00352478,0.00001,0.00001,0.00001,0.003749847,0.000517845,0.000101089,0.00001,0.00001,0.00001,0.00001,0.000518799,0.000002861,0.00001,0.031190872,0.00001
1047,120.2702472,31.47758663,1.5,1.17,2.17,1.83,7.6329956,0.77542907,3.4128394,1.2568421,70.023,0.393,0.26204,0.13623,0.20762,0.58688,0.29057,0.63529,7.5066,0.112605095,0.012047768,0.118085861,0.229496002,0.013073921,0.219461441,0.086696624,0.098938942,0.018852234,0.00001,0.029589653,0.00001,0.01530838,0.004912376,0.001112938,0.004771233,0.00001,0.00001,0.000081062,0.00001,0.00001,0.00001,0.000087738,0.00001,0.00001,0.00001,0.00001,0.00001,0.00001,0.001272202,0.021068572,0.000987052
1057,120.2714139,31.47772876,2.5,2,2.67,1.33,8.446771,0.8008513,4.3070283,1.4929346,57.878,0.33448,0.29261,0.16723,0.25681,0.56918,0.29239,0.66275,7.3651,0.067845345,0.010313034,0.119324684,0.289961815,0.038671494,0.119683266,0.220412254,0.00414753,0.011090279,0.000182152,0.062355995,0.00001,0.002873421,0.009706497,0.001761436,0.002393723,0.00001,0.00001,0.000061035,0.003878593,0.00001,0.00001,0.00001,0.00001,0.00001,0.00001,0.00001,0.00001,0.00001,0.00001,0.016877174,0.00001
1067,120.2665603,31.47712931,3.67,4.83,3.17,3.33,5.5856266,0.74988633,3.3625662,1.1519551,66.672,0.30957,0.25529,0.18729,0.24761,0.67592,0.26619,0.64706,7.3845,0.030478477,0.00414753,0.094628334,0.279361725,0.00001,0.158093452,0.354154587,0.002114296,0.021993637,0.000001907,0.015216827,0.00001,0.001944542,0.001253128,0.00001,0.000183105,0.000893593,0.00001,0.00001,0.00001,0.00001,0.00066185,0.00063324,0.00001,0.00001,0.00001,0.00001,0.00001,0.00001,0.00001,0.033995628,0.00001
1077,120.2684031,31.47648354,5.33,5.33,5,4.5,6.6082764,0.7564468,2.8627503,0.98036146,92.663,0.33298,0.23567,0.13315,0.17908,0.65564,0.2594,0.67843,7.4617,0.086000443,0.005246162,0.029385567,0.170912743,0.000096321,0.37810421,0.15167141,0.006816864,0.052936554,0.00001,0.059513092,0.00001,0.012194633,0.012023926,0.00001,0.000266075,0.00001,0.00001,0.00001,0.00001,0.00001,0.00001,0.000346184,0.00001,0.00001,0.00001,0.00001,0.00001,0.00001,0.00001,0.026546478,0.007842064
1087,120.2662969,31.47682857,4,4,2.67,3.17,6.539469,0.79960597,3.5735588,0.9893597,50.101,0.37661,0.24666,0.23436,0.26612,0.51508,0.32699,0.56471,7.7737,0.045936584,0.024778366,0.257645607,0.137411118,0.00001,0.154783249,0.169796944,0.046214104,0.098573685,0.000213623,0.009436607,0.00001,0.00439167,0.011434555,0.00001,0.001874924,0.00001,0.00001,0.000905991,0.000054359,0.00001,0.00001,0.00001,0.00001,0.00001,0.00001,0.00001,0.00001,0.00001,0.00001,0.019273758,0.000113487
